m,TagName,m0
2008-07-01 00:00:00,python,185
2008-07-01 00:00:00,javascript,1067
2008-07-01 00:00:00,java,6446
2008-07-01 00:00:00,c#,15469
2008-07-01 00:00:00,c++,7363
2008-08-01 00:00:00,python,251
2008-08-01 00:00:00,javascript,1003
2008-08-01 00:00:00,java,6444
2008-08-01 00:00:00,c#,15809
2008-08-01 00:00:00,c++,7520
2008-09-01 00:00:00,python,266
2008-09-01 00:00:00,javascript,1877
2008-09-01 00:00:00,java,6951
2008-09-01 00:00:00,c#,15365
2008-09-01 00:00:00,c++,7284
2008-10-01 00:00:00,python,339
2008-10-01 00:00:00,javascript,1878
2008-10-01 00:00:00,java,7078
2008-10-01 00:00:00,c#,15540
2008-10-01 00:00:00,c++,7535
2008-11-01 00:00:00,python,365
2008-11-01 00:00:00,javascript,2395
2008-11-01 00:00:00,java,7322
2008-11-01 00:00:00,c#,15647
2008-11-01 00:00:00,c++,7560
2008-12-01 00:00:00,python,265
2008-12-01 00:00:00,javascript,2740
2008-12-01 00:00:00,java,7720
2008-12-01 00:00:00,c#,15672
2008-12-01 00:00:00,c++,7422
2009-01-01 00:00:00,python,50
2009-01-01 00:00:00,javascript,3035
2009-01-01 00:00:00,java,7367
2009-01-01 00:00:00,c#,15976
2009-01-01 00:00:00,c++,7653
2009-02-01 00:00:00,python,302
2009-02-01 00:00:00,javascript,3024
2009-02-01 00:00:00,java,8039
2009-02-01 00:00:00,c#,16032
2009-02-01 00:00:00,c++,7462
2009-03-01 00:00:00,python,462
2009-03-01 00:00:00,javascript,3714
2009-03-01 00:00:00,java,8035
2009-03-01 00:00:00,c#,16262
2009-03-01 00:00:00,c++,7713
2009-04-01 00:00:00,python,303
2009-04-01 00:00:00,javascript,3805
2009-04-01 00:00:00,java,7946
2009-04-01 00:00:00,c#,16575
2009-04-01 00:00:00,c++,7689
2009-05-01 00:00:00,python,50
2009-05-01 00:00:00,javascript,4291
2009-05-01 00:00:00,java,8652
2009-05-01 00:00:00,c#,16666
2009-05-01 00:00:00,c++,7777
2009-06-01 00:00:00,python,286
2009-06-01 00:00:00,javascript,4586
2009-06-01 00:00:00,java,8505
2009-06-01 00:00:00,c#,16489
2009-06-01 00:00:00,c++,7773
2009-07-01 00:00:00,python,518
2009-07-01 00:00:00,javascript,5017
2009-07-01 00:00:00,java,8982
2009-07-01 00:00:00,c#,16708
2009-07-01 00:00:00,c++,7676
2009-08-01 00:00:00,python,398
2009-08-01 00:00:00,javascript,5717
2009-08-01 00:00:00,java,9409
2009-08-01 00:00:00,c#,16748
2009-08-01 00:00:00,c++,7782
2009-09-01 00:00:00,python,548
2009-09-01 00:00:00,javascript,5476
2009-09-01 00:00:00,java,9120
2009-09-01 00:00:00,c#,16641
2009-09-01 00:00:00,c++,7815
2009-10-01 00:00:00,python,279
2009-10-01 00:00:00,javascript,6257
2009-10-01 00:00:00,java,9510
2009-10-01 00:00:00,c#,16911
2009-10-01 00:00:00,c++,7864
2009-11-01 00:00:00,python,386
2009-11-01 00:00:00,javascript,6142
2009-11-01 00:00:00,java,9499
2009-11-01 00:00:00,c#,16738
2009-11-01 00:00:00,c++,7746
2009-12-01 00:00:00,python,542
2009-12-01 00:00:00,javascript,6626
2009-12-01 00:00:00,java,9485
2009-12-01 00:00:00,c#,16999
2009-12-01 00:00:00,c++,7807
2010-01-01 00:00:00,python,344
2010-01-01 00:00:00,javascript,6790
2010-01-01 00:00:00,java,10103
2010-01-01 00:00:00,c#,17150
2010-01-01 00:00:00,c++,7965
2010-01-01 00:00:00,r,156
2010-02-01 00:00:00,python,458
2010-02-01 00:00:00,javascript,7119
2010-02-01 00:00:00,java,10279
2010-02-01 00:00:00,c#,17067
2010-02-01 00:00:00,c++,7876
2010-02-01 00:00:00,r,20
2010-03-01 00:00:00,python,442
2010-03-01 00:00:00,javascript,7466
2010-03-01 00:00:00,java,10165
2010-03-01 00:00:00,c#,17116
2010-03-01 00:00:00,c++,7983
2010-03-01 00:00:00,r,213
2010-04-01 00:00:00,python,806
2010-04-01 00:00:00,javascript,7950
2010-04-01 00:00:00,java,10593
2010-04-01 00:00:00,c#,17147
2010-04-01 00:00:00,c++,8059
2010-04-01 00:00:00,r,201
2010-05-01 00:00:00,python,463
2010-05-01 00:00:00,javascript,7771
2010-05-01 00:00:00,java,10517
2010-05-01 00:00:00,c#,17210
2010-05-01 00:00:00,c++,7975
2010-05-01 00:00:00,r,172
2010-06-01 00:00:00,python,471
2010-06-01 00:00:00,javascript,8243
2010-06-01 00:00:00,java,11187
2010-06-01 00:00:00,c#,17150
2010-06-01 00:00:00,c++,8211
2010-06-01 00:00:00,r,156
2010-07-01 00:00:00,python,706
2010-07-01 00:00:00,javascript,8688
2010-07-01 00:00:00,java,11346
2010-07-01 00:00:00,c#,17457
2010-07-01 00:00:00,c++,8108
2010-07-01 00:00:00,r,154
2010-08-01 00:00:00,python,670
2010-08-01 00:00:00,javascript,9255
2010-08-01 00:00:00,java,11535
2010-08-01 00:00:00,c#,17166
2010-08-01 00:00:00,c++,8117
2010-08-01 00:00:00,r,357
2010-09-01 00:00:00,python,576
2010-09-01 00:00:00,javascript,8918
2010-09-01 00:00:00,java,11542
2010-09-01 00:00:00,c#,17663
2010-09-01 00:00:00,c++,8283
2010-09-01 00:00:00,r,168
2010-10-01 00:00:00,python,543
2010-10-01 00:00:00,javascript,9465
2010-10-01 00:00:00,java,11756
2010-10-01 00:00:00,c#,17692
2010-10-01 00:00:00,c++,8035
2010-10-01 00:00:00,r,315
2010-11-01 00:00:00,python,778
2010-11-01 00:00:00,javascript,9901
2010-11-01 00:00:00,java,11933
2010-11-01 00:00:00,c#,17600
2010-11-01 00:00:00,c++,8117
2010-11-01 00:00:00,r,266
2010-12-01 00:00:00,python,696
2010-12-01 00:00:00,javascript,9887
2010-12-01 00:00:00,java,11909
2010-12-01 00:00:00,c#,17347
2010-12-01 00:00:00,c++,8121
2010-12-01 00:00:00,r,141
2011-01-01 00:00:00,python,942
2011-01-01 00:00:00,javascript,10156
2011-01-01 00:00:00,java,12267
2011-01-01 00:00:00,c#,17352
2011-01-01 00:00:00,c++,8170
2011-01-01 00:00:00,r,188
2011-02-01 00:00:00,python,575
2011-02-01 00:00:00,javascript,10866
2011-02-01 00:00:00,java,12634
2011-02-01 00:00:00,c#,17578
2011-02-01 00:00:00,c++,8172
2011-02-01 00:00:00,r,195
2011-03-01 00:00:00,python,833
2011-03-01 00:00:00,javascript,11017
2011-03-01 00:00:00,java,12401
2011-03-01 00:00:00,c#,17637
2011-03-01 00:00:00,c++,8405
2011-03-01 00:00:00,r,384
2011-04-01 00:00:00,python,787
2011-04-01 00:00:00,javascript,11064
2011-04-01 00:00:00,java,12703
2011-04-01 00:00:00,c#,17823
2011-04-01 00:00:00,c++,8243
2011-04-01 00:00:00,r,336
2011-05-01 00:00:00,python,583
2011-05-01 00:00:00,javascript,11706
2011-05-01 00:00:00,java,13022
2011-05-01 00:00:00,c#,18002
2011-05-01 00:00:00,c++,8215
2011-05-01 00:00:00,r,339
2011-06-01 00:00:00,python,1009
2011-06-01 00:00:00,javascript,11642
2011-06-01 00:00:00,java,13324
2011-06-01 00:00:00,c#,17755
2011-06-01 00:00:00,c++,8474
2011-06-01 00:00:00,r,372
2011-07-01 00:00:00,python,880
2011-07-01 00:00:00,javascript,12246
2011-07-01 00:00:00,java,13567
2011-07-01 00:00:00,c#,18034
2011-07-01 00:00:00,c++,8312
2011-07-01 00:00:00,r,368
2011-08-01 00:00:00,python,1286
2011-08-01 00:00:00,javascript,12076
2011-08-01 00:00:00,java,13268
2011-08-01 00:00:00,c#,17879
2011-08-01 00:00:00,c++,8304
2011-08-01 00:00:00,r,332
2011-09-01 00:00:00,python,1189
2011-09-01 00:00:00,javascript,12457
2011-09-01 00:00:00,java,13181
2011-09-01 00:00:00,c#,18111
2011-09-01 00:00:00,c++,8309
2011-09-01 00:00:00,r,410
2011-10-01 00:00:00,python,1281
2011-10-01 00:00:00,javascript,12633
2011-10-01 00:00:00,java,13849
2011-10-01 00:00:00,c#,17881
2011-10-01 00:00:00,c++,8224
2011-10-01 00:00:00,r,333
2011-11-01 00:00:00,python,1098
2011-11-01 00:00:00,javascript,12722
2011-11-01 00:00:00,java,13777
2011-11-01 00:00:00,c#,17873
2011-11-01 00:00:00,c++,8331
2011-11-01 00:00:00,r,471
2011-12-01 00:00:00,python,1110
2011-12-01 00:00:00,javascript,13062
2011-12-01 00:00:00,java,14256
2011-12-01 00:00:00,c#,17999
2011-12-01 00:00:00,c++,8407
2011-12-01 00:00:00,r,426
2012-01-01 00:00:00,python,1301
2012-01-01 00:00:00,javascript,14045
2012-01-01 00:00:00,java,14131
2012-01-01 00:00:00,c#,18118
2012-01-01 00:00:00,c++,8503
2012-01-01 00:00:00,r,417
2012-01-01 00:00:00,go,256
2012-02-01 00:00:00,python,1370
2012-02-01 00:00:00,javascript,14043
2012-02-01 00:00:00,java,14598
2012-02-01 00:00:00,c#,18051
2012-02-01 00:00:00,c++,8261
2012-02-01 00:00:00,r,534
2012-02-01 00:00:00,go,317
2012-03-01 00:00:00,python,1267
2012-03-01 00:00:00,javascript,14056
2012-03-01 00:00:00,java,14580
2012-03-01 00:00:00,c#,17954
2012-03-01 00:00:00,c++,8542
2012-03-01 00:00:00,r,499
2012-03-01 00:00:00,go,275
2012-04-01 00:00:00,python,1420
2012-04-01 00:00:00,javascript,14504
2012-04-01 00:00:00,java,14573
2012-04-01 00:00:00,c#,17884
2012-04-01 00:00:00,c++,8385
2012-04-01 00:00:00,r,524
2012-04-01 00:00:00,go,245
2012-05-01 00:00:00,python,1209
2012-05-01 00:00:00,javascript,14188
2012-05-01 00:00:00,java,14870
2012-05-01 00:00:00,c#,18191
2012-05-01 00:00:00,c++,8302
2012-05-01 00:00:00,r,359
2012-05-01 00:00:00,go,289
2012-06-01 00:00:00,python,1640
2012-06-01 00:00:00,javascript,14981
2012-06-01 00:00:00,java,14989
2012-06-01 00:00:00,c#,17694
2012-06-01 00:00:00,c++,8432
2012-06-01 00:00:00,r,455
2012-06-01 00:00:00,go,321
2012-07-01 00:00:00,python,1748
2012-07-01 00:00:00,javascript,15426
2012-07-01 00:00:00,java,15002
2012-07-01 00:00:00,c#,17686
2012-07-01 00:00:00,c++,8300
2012-07-01 00:00:00,r,475
2012-07-01 00:00:00,go,271
2012-08-01 00:00:00,python,1885
2012-08-01 00:00:00,javascript,15472
2012-08-01 00:00:00,java,15515
2012-08-01 00:00:00,c#,17958
2012-08-01 00:00:00,c++,8561
2012-08-01 00:00:00,r,555
2012-08-01 00:00:00,go,343
2012-09-01 00:00:00,python,1729
2012-09-01 00:00:00,javascript,15400
2012-09-01 00:00:00,java,15267
2012-09-01 00:00:00,c#,17882
2012-09-01 00:00:00,c++,8534
2012-09-01 00:00:00,r,536
2012-09-01 00:00:00,go,407
2012-10-01 00:00:00,python,1634
2012-10-01 00:00:00,javascript,15648
2012-10-01 00:00:00,java,15639
2012-10-01 00:00:00,c#,17848
2012-10-01 00:00:00,c++,8814
2012-10-01 00:00:00,r,505
2012-10-01 00:00:00,go,353
2012-11-01 00:00:00,python,2022
2012-11-01 00:00:00,javascript,16113
2012-11-01 00:00:00,java,15746
2012-11-01 00:00:00,c#,17883
2012-11-01 00:00:00,c++,8322
2012-11-01 00:00:00,r,463
2012-11-01 00:00:00,go,365
2012-12-01 00:00:00,python,1856
2012-12-01 00:00:00,javascript,16378
2012-12-01 00:00:00,java,16106
2012-12-01 00:00:00,c#,18085
2012-12-01 00:00:00,c++,8628
2012-12-01 00:00:00,r,470
2012-12-01 00:00:00,go,380
2013-01-01 00:00:00,python,2105
2013-01-01 00:00:00,javascript,16418
2013-01-01 00:00:00,java,15988
2013-01-01 00:00:00,c#,18025
2013-01-01 00:00:00,c++,8523
2013-01-01 00:00:00,r,662
2013-01-01 00:00:00,go,374
2013-02-01 00:00:00,python,1930
2013-02-01 00:00:00,javascript,16883
2013-02-01 00:00:00,java,16679
2013-02-01 00:00:00,c#,17916
2013-02-01 00:00:00,c++,8505
2013-02-01 00:00:00,r,634
2013-02-01 00:00:00,go,366
2013-03-01 00:00:00,python,2177
2013-03-01 00:00:00,javascript,16512
2013-03-01 00:00:00,java,16469
2013-03-01 00:00:00,c#,17679
2013-03-01 00:00:00,c++,8384
2013-03-01 00:00:00,r,500
2013-03-01 00:00:00,go,346
2013-04-01 00:00:00,python,2316
2013-04-01 00:00:00,javascript,17178
2013-04-01 00:00:00,java,16290
2013-04-01 00:00:00,c#,17833
2013-04-01 00:00:00,c++,8536
2013-04-01 00:00:00,r,713
2013-04-01 00:00:00,go,311
2013-05-01 00:00:00,python,2399
2013-05-01 00:00:00,javascript,17613
2013-05-01 00:00:00,java,16931
2013-05-01 00:00:00,c#,17759
2013-05-01 00:00:00,c++,8464
2013-05-01 00:00:00,r,657
2013-05-01 00:00:00,go,473
2013-06-01 00:00:00,python,2455
2013-06-01 00:00:00,javascript,17590
2013-06-01 00:00:00,java,16673
2013-06-01 00:00:00,c#,17867
2013-06-01 00:00:00,c++,8463
2013-06-01 00:00:00,r,777
2013-06-01 00:00:00,go,396
2013-07-01 00:00:00,python,2449
2013-07-01 00:00:00,javascript,17750
2013-07-01 00:00:00,java,17062
2013-07-01 00:00:00,c#,17748
2013-07-01 00:00:00,c++,8522
2013-07-01 00:00:00,r,824
2013-07-01 00:00:00,go,410
2013-08-01 00:00:00,python,2585
2013-08-01 00:00:00,javascript,17633
2013-08-01 00:00:00,java,17033
2013-08-01 00:00:00,c#,17648
2013-08-01 00:00:00,c++,8362
2013-08-01 00:00:00,r,807
2013-08-01 00:00:00,go,459
2013-09-01 00:00:00,python,2585
2013-09-01 00:00:00,javascript,18280
2013-09-01 00:00:00,java,17074
2013-09-01 00:00:00,c#,17687
2013-09-01 00:00:00,c++,8472
2013-09-01 00:00:00,r,718
2013-09-01 00:00:00,go,459
2013-10-01 00:00:00,python,2695
2013-10-01 00:00:00,javascript,18404
2013-10-01 00:00:00,java,17077
2013-10-01 00:00:00,c#,17714
2013-10-01 00:00:00,c++,8538
2013-10-01 00:00:00,r,758
2013-10-01 00:00:00,go,624
2013-11-01 00:00:00,python,2668
2013-11-01 00:00:00,javascript,18963
2013-11-01 00:00:00,java,17015
2013-11-01 00:00:00,c#,17709
2013-11-01 00:00:00,c++,8425
2013-11-01 00:00:00,r,815
2013-11-01 00:00:00,go,533
2013-12-01 00:00:00,python,2783
2013-12-01 00:00:00,javascript,18842
2013-12-01 00:00:00,java,17592
2013-12-01 00:00:00,c#,17678
2013-12-01 00:00:00,c++,8205
2013-12-01 00:00:00,r,839
2013-12-01 00:00:00,go,521
2014-01-01 00:00:00,python,2998
2014-01-01 00:00:00,javascript,19099
2014-01-01 00:00:00,java,17648
2014-01-01 00:00:00,c#,17374
2014-01-01 00:00:00,c++,8443
2014-01-01 00:00:00,r,808
2014-01-01 00:00:00,swift,3931
2014-01-01 00:00:00,go,535
2014-02-01 00:00:00,python,3388
2014-02-01 00:00:00,javascript,19071
2014-02-01 00:00:00,java,17630
2014-02-01 00:00:00,c#,17494
2014-02-01 00:00:00,c++,8341
2014-02-01 00:00:00,r,1065
2014-02-01 00:00:00,swift,4006
2014-02-01 00:00:00,go,505
2014-03-01 00:00:00,python,3200
2014-03-01 00:00:00,javascript,19491
2014-03-01 00:00:00,java,17876
2014-03-01 00:00:00,c#,17396
2014-03-01 00:00:00,c++,8326
2014-03-01 00:00:00,r,981
2014-03-01 00:00:00,swift,3943
2014-03-01 00:00:00,go,489
2014-04-01 00:00:00,python,3249
2014-04-01 00:00:00,javascript,19450
2014-04-01 00:00:00,java,17548
2014-04-01 00:00:00,c#,17480
2014-04-01 00:00:00,c++,8418
2014-04-01 00:00:00,r,1077
2014-04-01 00:00:00,swift,3932
2014-04-01 00:00:00,go,598
2014-05-01 00:00:00,python,3314
2014-05-01 00:00:00,javascript,19855
2014-05-01 00:00:00,java,17872
2014-05-01 00:00:00,c#,17382
2014-05-01 00:00:00,c++,8589
2014-05-01 00:00:00,r,851
2014-05-01 00:00:00,swift,4006
2014-05-01 00:00:00,go,603
2014-06-01 00:00:00,python,3389
2014-06-01 00:00:00,javascript,20295
2014-06-01 00:00:00,java,18271
2014-06-01 00:00:00,c#,17272
2014-06-01 00:00:00,c++,8511
2014-06-01 00:00:00,r,1077
2014-06-01 00:00:00,swift,4098
2014-06-01 00:00:00,go,568
2014-07-01 00:00:00,python,3475
2014-07-01 00:00:00,javascript,19865
2014-07-01 00:00:00,java,18144
2014-07-01 00:00:00,c#,17316
2014-07-01 00:00:00,c++,8533
2014-07-01 00:00:00,r,911
2014-07-01 00:00:00,swift,4146
2014-07-01 00:00:00,go,587
2014-08-01 00:00:00,python,3626
2014-08-01 00:00:00,javascript,20109
2014-08-01 00:00:00,java,18412
2014-08-01 00:00:00,c#,17224
2014-08-01 00:00:00,c++,8381
2014-08-01 00:00:00,r,1047
2014-08-01 00:00:00,swift,4051
2014-08-01 00:00:00,go,574
2014-09-01 00:00:00,python,3566
2014-09-01 00:00:00,javascript,20022
2014-09-01 00:00:00,java,18707
2014-09-01 00:00:00,c#,16833
2014-09-01 00:00:00,c++,8347
2014-09-01 00:00:00,r,1005
2014-09-01 00:00:00,swift,4195
2014-09-01 00:00:00,go,698
2014-10-01 00:00:00,python,3668
2014-10-01 00:00:00,javascript,20417
2014-10-01 00:00:00,java,18274
2014-10-01 00:00:00,c#,17039
2014-10-01 00:00:00,c++,8407
2014-10-01 00:00:00,r,1227
2014-10-01 00:00:00,swift,4191
2014-10-01 00:00:00,go,694
2014-11-01 00:00:00,python,3809
2014-11-01 00:00:00,javascript,20843
2014-11-01 00:00:00,java,18693
2014-11-01 00:00:00,c#,16932
2014-11-01 00:00:00,c++,8514
2014-11-01 00:00:00,r,1204
2014-11-01 00:00:00,swift,4215
2014-11-01 00:00:00,go,735
2014-12-01 00:00:00,python,4023
2014-12-01 00:00:00,javascript,20757
2014-12-01 00:00:00,java,18602
2014-12-01 00:00:00,c#,16980
2014-12-01 00:00:00,c++,8272
2014-12-01 00:00:00,r,1149
2014-12-01 00:00:00,swift,4234
2014-12-01 00:00:00,go,721
2015-01-01 00:00:00,python,4065
2015-01-01 00:00:00,javascript,20860
2015-01-01 00:00:00,java,19095
2015-01-01 00:00:00,c#,16730
2015-01-01 00:00:00,c++,8206
2015-01-01 00:00:00,r,1280
2015-01-01 00:00:00,swift,4101
2015-01-01 00:00:00,go,664
2015-02-01 00:00:00,python,4164
2015-02-01 00:00:00,javascript,21116
2015-02-01 00:00:00,java,18882
2015-02-01 00:00:00,c#,16341
2015-02-01 00:00:00,c++,8369
2015-02-01 00:00:00,r,1079
2015-02-01 00:00:00,swift,4215
2015-02-01 00:00:00,go,687
2015-03-01 00:00:00,python,4215
2015-03-01 00:00:00,javascript,21260
2015-03-01 00:00:00,java,18930
2015-03-01 00:00:00,c#,16694
2015-03-01 00:00:00,c++,8169
2015-03-01 00:00:00,r,1198
2015-03-01 00:00:00,swift,4418
2015-03-01 00:00:00,go,761
2015-04-01 00:00:00,python,4497
2015-04-01 00:00:00,javascript,20913
2015-04-01 00:00:00,java,19307
2015-04-01 00:00:00,c#,16584
2015-04-01 00:00:00,c++,8373
2015-04-01 00:00:00,r,1393
2015-04-01 00:00:00,swift,4301
2015-04-01 00:00:00,go,774
2015-05-01 00:00:00,python,4711
2015-05-01 00:00:00,javascript,21374
2015-05-01 00:00:00,java,18774
2015-05-01 00:00:00,c#,16429
2015-05-01 00:00:00,c++,8266
2015-05-01 00:00:00,r,1312
2015-05-01 00:00:00,swift,4330
2015-05-01 00:00:00,go,786
2015-06-01 00:00:00,python,4693
2015-06-01 00:00:00,javascript,21574
2015-06-01 00:00:00,java,19404
2015-06-01 00:00:00,c#,16382
2015-06-01 00:00:00,c++,8345
2015-06-01 00:00:00,r,1407
2015-06-01 00:00:00,swift,4299
2015-06-01 00:00:00,go,791
2015-07-01 00:00:00,python,4760
2015-07-01 00:00:00,javascript,21684
2015-07-01 00:00:00,java,19336
2015-07-01 00:00:00,c#,16291
2015-07-01 00:00:00,c++,8146
2015-07-01 00:00:00,r,1390
2015-07-01 00:00:00,swift,4440
2015-07-01 00:00:00,go,773
2015-08-01 00:00:00,python,4803
2015-08-01 00:00:00,javascript,21963
2015-08-01 00:00:00,java,19411
2015-08-01 00:00:00,c#,16246
2015-08-01 00:00:00,c++,8147
2015-08-01 00:00:00,r,1262
2015-08-01 00:00:00,swift,4309
2015-08-01 00:00:00,go,822
2015-09-01 00:00:00,python,4943
2015-09-01 00:00:00,javascript,21766
2015-09-01 00:00:00,java,19178
2015-09-01 00:00:00,c#,16054
2015-09-01 00:00:00,c++,7957
2015-09-01 00:00:00,r,1433
2015-09-01 00:00:00,swift,4367
2015-09-01 00:00:00,go,795
2015-10-01 00:00:00,python,5167
2015-10-01 00:00:00,javascript,21671
2015-10-01 00:00:00,java,19505
2015-10-01 00:00:00,c#,16095
2015-10-01 00:00:00,c++,8050
2015-10-01 00:00:00,r,1572
2015-10-01 00:00:00,swift,4406
2015-10-01 00:00:00,go,848
2015-11-01 00:00:00,python,5185
2015-11-01 00:00:00,javascript,22236
2015-11-01 00:00:00,java,19618
2015-11-01 00:00:00,c#,16123
2015-11-01 00:00:00,c++,8093
2015-11-01 00:00:00,r,1401
2015-11-01 00:00:00,swift,4397
2015-11-01 00:00:00,go,878
2015-12-01 00:00:00,python,5657
2015-12-01 00:00:00,javascript,22240
2015-12-01 00:00:00,java,19714
2015-12-01 00:00:00,c#,16254
2015-12-01 00:00:00,c++,8028
2015-12-01 00:00:00,r,1519
2015-12-01 00:00:00,swift,4403
2015-12-01 00:00:00,go,890
2016-01-01 00:00:00,python,5514
2016-01-01 00:00:00,javascript,22461
2016-01-01 00:00:00,java,19837
2016-01-01 00:00:00,c#,15815
2016-01-01 00:00:00,c++,8093
2016-01-01 00:00:00,r,1532
2016-01-01 00:00:00,swift,4365
2016-01-01 00:00:00,go,918
2016-02-01 00:00:00,python,5506
2016-02-01 00:00:00,javascript,22127
2016-02-01 00:00:00,java,19647
2016-02-01 00:00:00,c#,15711
2016-02-01 00:00:00,c++,7881
2016-02-01 00:00:00,r,1524
2016-02-01 00:00:00,swift,4492
2016-02-01 00:00:00,go,892
2016-03-01 00:00:00,python,5771
2016-03-01 00:00:00,javascript,21907
2016-03-01 00:00:00,java,20117
2016-03-01 00:00:00,c#,15887
2016-03-01 00:00:00,c++,8038
2016-03-01 00:00:00,r,1604
2016-03-01 00:00:00,swift,4390
2016-03-01 00:00:00,go,988
2016-04-01 00:00:00,python,6145
2016-04-01 00:00:00,javascript,22074
2016-04-01 00:00:00,java,19591
2016-04-01 00:00:00,c#,15561
2016-04-01 00:00:00,c++,7910
2016-04-01 00:00:00,r,1534
2016-04-01 00:00:00,swift,4421
2016-04-01 00:00:00,go,933
2016-05-01 00:00:00,python,6059
2016-05-01 00:00:00,javascript,22535
2016-05-01 00:00:00,java,19612
2016-05-01 00:00:00,c#,15674
2016-05-01 00:00:00,c++,7880
2016-05-01 00:00:00,r,1650
2016-05-01 00:00:00,swift,4475
2016-05-01 00:00:00,go,956
2016-06-01 00:00:00,python,6370
2016-06-01 00:00:00,javascript,22708
2016-06-01 00:00:00,java,19945
2016-06-01 00:00:00,c#,15392
2016-06-01 00:00:00,c++,7788
2016-06-01 00:00:00,r,1696
2016-06-01 00:00:00,swift,4502
2016-06-01 00:00:00,go,978
2016-07-01 00:00:00,python,6146
2016-07-01 00:00:00,javascript,22712
2016-07-01 00:00:00,java,20028
2016-07-01 00:00:00,c#,15314
2016-07-01 00:00:00,c++,7856
2016-07-01 00:00:00,r,1697
2016-07-01 00:00:00,swift,4387
2016-07-01 00:00:00,go,1106
2016-08-01 00:00:00,python,6239
2016-08-01 00:00:00,javascript,22915
2016-08-01 00:00:00,java,20038
2016-08-01 00:00:00,c#,15219
2016-08-01 00:00:00,c++,7915
2016-08-01 00:00:00,r,1667
2016-08-01 00:00:00,swift,4550
2016-08-01 00:00:00,go,963
2016-09-01 00:00:00,python,6730
2016-09-01 00:00:00,javascript,22889
2016-09-01 00:00:00,java,20299
2016-09-01 00:00:00,c#,15224
2016-09-01 00:00:00,c++,7718
2016-09-01 00:00:00,r,1830
2016-09-01 00:00:00,swift,4486
2016-09-01 00:00:00,go,1038
2016-10-01 00:00:00,python,6806
2016-10-01 00:00:00,javascript,22596
2016-10-01 00:00:00,java,19786
2016-10-01 00:00:00,c#,14961
2016-10-01 00:00:00,c++,7736
2016-10-01 00:00:00,r,1828
2016-10-01 00:00:00,swift,4527
2016-10-01 00:00:00,go,1135
2016-11-01 00:00:00,python,6895
2016-11-01 00:00:00,javascript,23187
2016-11-01 00:00:00,java,19757
2016-11-01 00:00:00,c#,14466
2016-11-01 00:00:00,c++,7885
2016-11-01 00:00:00,r,1956
2016-11-01 00:00:00,swift,4425
2016-11-01 00:00:00,go,1153
2016-12-01 00:00:00,python,6871
2016-12-01 00:00:00,javascript,23004
2016-12-01 00:00:00,java,20390
2016-12-01 00:00:00,c#,14641
2016-12-01 00:00:00,c++,7798
2016-12-01 00:00:00,r,1885
2016-12-01 00:00:00,swift,4423
2016-12-01 00:00:00,go,1038
2017-01-01 00:00:00,python,7016
2017-01-01 00:00:00,javascript,23128
2017-01-01 00:00:00,java,19898
2017-01-01 00:00:00,c#,14459
2017-01-01 00:00:00,c++,7775
2017-01-01 00:00:00,r,1751
2017-01-01 00:00:00,swift,4545
2017-01-01 00:00:00,go,1190
2017-02-01 00:00:00,python,7526
2017-02-01 00:00:00,javascript,23412
2017-02-01 00:00:00,java,20325
2017-02-01 00:00:00,c#,14642
2017-02-01 00:00:00,c++,7578
2017-02-01 00:00:00,r,2004
2017-02-01 00:00:00,swift,4546
2017-02-01 00:00:00,go,1100
2017-03-01 00:00:00,python,7780
2017-03-01 00:00:00,javascript,22994
2017-03-01 00:00:00,java,19846
2017-03-01 00:00:00,c#,14366
2017-03-01 00:00:00,c++,7821
2017-03-01 00:00:00,r,1978
2017-03-01 00:00:00,swift,4483
2017-03-01 00:00:00,go,1221
2017-04-01 00:00:00,python,7552
2017-04-01 00:00:00,javascript,23236
2017-04-01 00:00:00,java,20100
2017-04-01 00:00:00,c#,14195
2017-04-01 00:00:00,c++,7618
2017-04-01 00:00:00,r,2104
2017-04-01 00:00:00,swift,4485
2017-04-01 00:00:00,go,1201
2017-05-01 00:00:00,python,7923
2017-05-01 00:00:00,javascript,23027
2017-05-01 00:00:00,java,19764
2017-05-01 00:00:00,c#,14186
2017-05-01 00:00:00,c++,7556
2017-05-01 00:00:00,r,2089
2017-05-01 00:00:00,swift,4555
2017-05-01 00:00:00,go,1196
2017-06-01 00:00:00,python,7983
2017-06-01 00:00:00,javascript,23330
2017-06-01 00:00:00,java,20014
2017-06-01 00:00:00,c#,13961
2017-06-01 00:00:00,c++,7592
2017-06-01 00:00:00,r,1930
2017-06-01 00:00:00,swift,4477
2017-06-01 00:00:00,go,1221
2017-07-01 00:00:00,python,8134
2017-07-01 00:00:00,javascript,23204
2017-07-01 00:00:00,java,19787
2017-07-01 00:00:00,c#,13797
2017-07-01 00:00:00,c++,7579
2017-07-01 00:00:00,r,1965
2017-07-01 00:00:00,swift,4574
2017-07-01 00:00:00,go,1177
2017-08-01 00:00:00,python,8304
2017-08-01 00:00:00,javascript,23373
2017-08-01 00:00:00,java,19575
2017-08-01 00:00:00,c#,13418
2017-08-01 00:00:00,c++,7411
2017-08-01 00:00:00,r,2138
2017-08-01 00:00:00,swift,4519
2017-08-01 00:00:00,go,1378
2017-09-01 00:00:00,python,8481
2017-09-01 00:00:00,javascript,23289
2017-09-01 00:00:00,java,19863
2017-09-01 00:00:00,c#,13772
2017-09-01 00:00:00,c++,7363
2017-09-01 00:00:00,r,2119
2017-09-01 00:00:00,swift,4485
2017-09-01 00:00:00,go,1346
2017-10-01 00:00:00,python,8742
2017-10-01 00:00:00,javascript,23619
2017-10-01 00:00:00,java,19503
2017-10-01 00:00:00,c#,13706
2017-10-01 00:00:00,c++,7284
2017-10-01 00:00:00,r,2275
2017-10-01 00:00:00,swift,4491
2017-10-01 00:00:00,go,1387
2017-11-01 00:00:00,python,8925
2017-11-01 00:00:00,javascript,23346
2017-11-01 00:00:00,java,19924
2017-11-01 00:00:00,c#,13482
2017-11-01 00:00:00,c++,7295
2017-11-01 00:00:00,r,2184
2017-11-01 00:00:00,swift,4490
2017-11-01 00:00:00,go,1397
2017-12-01 00:00:00,python,8805
2017-12-01 00:00:00,javascript,23311
2017-12-01 00:00:00,java,19680
2017-12-01 00:00:00,c#,13236
2017-12-01 00:00:00,c++,7286
2017-12-01 00:00:00,r,2391
2017-12-01 00:00:00,swift,4523
2017-12-01 00:00:00,go,1341
2018-01-01 00:00:00,python,8917
2018-01-01 00:00:00,javascript,23145
2018-01-01 00:00:00,java,19665
2018-01-01 00:00:00,c#,13172
2018-01-01 00:00:00,c++,7296
2018-01-01 00:00:00,r,2221
2018-01-01 00:00:00,swift,4428
2018-01-01 00:00:00,go,1428
2018-02-01 00:00:00,python,9370
2018-02-01 00:00:00,javascript,23174
2018-02-01 00:00:00,java,19517
2018-02-01 00:00:00,c#,13036
2018-02-01 00:00:00,c++,7041
2018-02-01 00:00:00,r,2413
2018-02-01 00:00:00,swift,4436
2018-02-01 00:00:00,go,1351
2018-03-01 00:00:00,python,9329
2018-03-01 00:00:00,javascript,23565
2018-03-01 00:00:00,java,19286
2018-03-01 00:00:00,c#,12870
2018-03-01 00:00:00,c++,7284
2018-03-01 00:00:00,r,2349
2018-03-01 00:00:00,swift,4391
2018-03-01 00:00:00,go,1585
2018-04-01 00:00:00,python,9731
2018-04-01 00:00:00,javascript,23193
2018-04-01 00:00:00,java,19714
2018-04-01 00:00:00,c#,12658
2018-04-01 00:00:00,c++,7266
2018-04-01 00:00:00,r,2534
2018-04-01 00:00:00,swift,4429
2018-04-01 00:00:00,go,1461
2018-05-01 00:00:00,python,9625
2018-05-01 00:00:00,javascript,23010
2018-05-01 00:00:00,java,19475
2018-05-01 00:00:00,c#,12894
2018-05-01 00:00:00,c++,7204
2018-05-01 00:00:00,r,2500
2018-05-01 00:00:00,swift,4365
2018-05-01 00:00:00,go,1483
2018-06-01 00:00:00,python,9924
2018-06-01 00:00:00,javascript,23491
2018-06-01 00:00:00,java,19565
2018-06-01 00:00:00,c#,12527
2018-06-01 00:00:00,c++,6845
2018-06-01 00:00:00,r,2361
2018-06-01 00:00:00,swift,4361
2018-06-01 00:00:00,go,1478
2018-07-01 00:00:00,python,10049
2018-07-01 00:00:00,javascript,23077
2018-07-01 00:00:00,java,18997
2018-07-01 00:00:00,c#,12598
2018-07-01 00:00:00,c++,6964
2018-07-01 00:00:00,r,2571
2018-07-01 00:00:00,swift,4306
2018-07-01 00:00:00,go,1546
2018-08-01 00:00:00,python,10252
2018-08-01 00:00:00,javascript,23213
2018-08-01 00:00:00,java,19106
2018-08-01 00:00:00,c#,12293
2018-08-01 00:00:00,c++,6899
2018-08-01 00:00:00,r,2597
2018-08-01 00:00:00,swift,4261
2018-08-01 00:00:00,go,1619
2018-09-01 00:00:00,python,10589
2018-09-01 00:00:00,javascript,22496
2018-09-01 00:00:00,java,19256
2018-09-01 00:00:00,c#,12120
2018-09-01 00:00:00,c++,6959
2018-09-01 00:00:00,r,2712
2018-09-01 00:00:00,swift,4347
2018-09-01 00:00:00,go,1508
2018-10-01 00:00:00,python,10392
2018-10-01 00:00:00,javascript,22370
2018-10-01 00:00:00,java,19249
2018-10-01 00:00:00,c#,12179
2018-10-01 00:00:00,c++,6979
2018-10-01 00:00:00,r,2686
2018-10-01 00:00:00,swift,4317
2018-10-01 00:00:00,go,1571
2018-11-01 00:00:00,python,10491
2018-11-01 00:00:00,javascript,22597
2018-11-01 00:00:00,java,19005
2018-11-01 00:00:00,c#,12264
2018-11-01 00:00:00,c++,7036
2018-11-01 00:00:00,r,2910
2018-11-01 00:00:00,swift,4252
2018-11-01 00:00:00,go,1621
2018-12-01 00:00:00,python,11280
2018-12-01 00:00:00,javascript,22636
2018-12-01 00:00:00,java,18876
2018-12-01 00:00:00,c#,11821
2018-12-01 00:00:00,c++,6856
2018-12-01 00:00:00,r,2814
2018-12-01 00:00:00,swift,4292
2018-12-01 00:00:00,go,1726
2019-01-01 00:00:00,python,11070
2019-01-01 00:00:00,javascript,22532
2019-01-01 00:00:00,java,18958
2019-01-01 00:00:00,c#,11675
2019-01-01 00:00:00,c++,6708
2019-01-01 00:00:00,r,2795
2019-01-01 00:00:00,swift,4183
2019-01-01 00:00:00,go,1866
2019-02-01 00:00:00,python,11351
2019-02-01 00:00:00,javascript,22649
2019-02-01 00:00:00,java,18936
2019-02-01 00:00:00,c#,11499
2019-02-01 00:00:00,c++,6707
2019-02-01 00:00:00,r,2847
2019-02-01 00:00:00,swift,4210
2019-02-01 00:00:00,go,1660
2019-03-01 00:00:00,python,11664
2019-03-01 00:00:00,javascript,22347
2019-03-01 00:00:00,java,19127
2019-03-01 00:00:00,c#,11399
2019-03-01 00:00:00,c++,6531
2019-03-01 00:00:00,r,3011
2019-03-01 00:00:00,swift,4123
2019-03-01 00:00:00,go,1691
2019-04-01 00:00:00,python,11795
2019-04-01 00:00:00,javascript,22373
2019-04-01 00:00:00,java,18840
2019-04-01 00:00:00,c#,11373
2019-04-01 00:00:00,c++,6595
2019-04-01 00:00:00,r,2815
2019-04-01 00:00:00,swift,4129
2019-04-01 00:00:00,go,1729
2019-05-01 00:00:00,python,11676
2019-05-01 00:00:00,javascript,22180
2019-05-01 00:00:00,java,18705
2019-05-01 00:00:00,c#,11151
2019-05-01 00:00:00,c++,6472
2019-05-01 00:00:00,r,2898
2019-05-01 00:00:00,swift,4131
2019-05-01 00:00:00,go,1730
2019-06-01 00:00:00,python,12247
2019-06-01 00:00:00,javascript,22229
2019-06-01 00:00:00,java,18520
2019-06-01 00:00:00,c#,11197
2019-06-01 00:00:00,c++,6735
2019-06-01 00:00:00,r,2856
2019-06-01 00:00:00,swift,4259
2019-06-01 00:00:00,go,1906
2019-07-01 00:00:00,python,12228
2019-07-01 00:00:00,javascript,22131
2019-07-01 00:00:00,java,18473
2019-07-01 00:00:00,c#,10808
2019-07-01 00:00:00,c++,6535
2019-07-01 00:00:00,r,2880
2019-07-01 00:00:00,swift,4196
2019-07-01 00:00:00,go,1795
2019-08-01 00:00:00,python,12571
2019-08-01 00:00:00,javascript,22070
2019-08-01 00:00:00,java,18384
2019-08-01 00:00:00,c#,11141
2019-08-01 00:00:00,c++,6555
2019-08-01 00:00:00,r,3101
2019-08-01 00:00:00,swift,4108
2019-08-01 00:00:00,go,1803
2019-09-01 00:00:00,python,12681
2019-09-01 00:00:00,javascript,22040
2019-09-01 00:00:00,java,18350
2019-09-01 00:00:00,c#,10911
2019-09-01 00:00:00,c++,6298
2019-09-01 00:00:00,r,2992
2019-09-01 00:00:00,swift,4058
2019-09-01 00:00:00,go,1872
2019-10-01 00:00:00,python,13072
2019-10-01 00:00:00,javascript,21424
2019-10-01 00:00:00,java,17764
2019-10-01 00:00:00,c#,10786
2019-10-01 00:00:00,c++,6372
2019-10-01 00:00:00,r,3164
2019-10-01 00:00:00,swift,4035
2019-10-01 00:00:00,go,1900
2019-11-01 00:00:00,python,13255
2019-11-01 00:00:00,javascript,21532
2019-11-01 00:00:00,java,18157
2019-11-01 00:00:00,c#,10552
2019-11-01 00:00:00,c++,6294
2019-11-01 00:00:00,r,3282
2019-11-01 00:00:00,swift,4118
2019-11-01 00:00:00,go,1912
2019-12-01 00:00:00,python,13533
2019-12-01 00:00:00,javascript,21552
2019-12-01 00:00:00,java,17804
2019-12-01 00:00:00,c#,10357
2019-12-01 00:00:00,c++,6239
2019-12-01 00:00:00,r,3233
2019-12-01 00:00:00,swift,3981
2019-12-01 00:00:00,go,1981
2020-01-01 00:00:00,python,13465
2020-01-01 00:00:00,javascript,21498
2020-01-01 00:00:00,java,18085
2020-01-01 00:00:00,c#,10322
2020-01-01 00:00:00,c++,6301
2020-01-01 00:00:00,r,3128
2020-01-01 00:00:00,swift,3957
2020-01-01 00:00:00,go,2008
2020-02-01 00:00:00,python,13607
2020-02-01 00:00:00,javascript,21005
2020-02-01 00:00:00,java,17796
2020-02-01 00:00:00,c#,10186
2020-02-01 00:00:00,c++,6106
2020-02-01 00:00:00,r,3298
2020-02-01 00:00:00,swift,4032
2020-02-01 00:00:00,go,1935
2020-03-01 00:00:00,python,14234
2020-03-01 00:00:00,javascript,21182
2020-03-01 00:00:00,java,17596
2020-03-01 00:00:00,c#,10102
2020-03-01 00:00:00,c++,6446
2020-03-01 00:00:00,r,3213
2020-03-01 00:00:00,swift,3847
2020-03-01 00:00:00,go,2036
2020-04-01 00:00:00,python,13954
2020-04-01 00:00:00,javascript,21039
2020-04-01 00:00:00,java,17992
2020-04-01 00:00:00,c#,10105
2020-04-01 00:00:00,c++,6075
2020-04-01 00:00:00,r,3342
2020-04-01 00:00:00,swift,3884
2020-04-01 00:00:00,go,2023
2020-05-01 00:00:00,python,14690
2020-05-01 00:00:00,javascript,20570
2020-05-01 00:00:00,java,17404
2020-05-01 00:00:00,c#,10095
2020-05-01 00:00:00,c++,5825
2020-05-01 00:00:00,r,3423
2020-05-01 00:00:00,swift,3833
2020-05-01 00:00:00,go,2131
2020-06-01 00:00:00,python,14727
2020-06-01 00:00:00,javascript,20961
2020-06-01 00:00:00,java,17559
2020-06-01 00:00:00,c#,9698
2020-06-01 00:00:00,c++,6113
2020-06-01 00:00:00,r,3452
2020-06-01 00:00:00,swift,3875
2020-06-01 00:00:00,go,2149
2020-07-01 00:00:00,python,15060
2020-07-01 00:00:00,javascript,20454
2020-07-01 00:00:00,java,16952
2020-07-01 00:00:00,c#,9758
2020-07-01 00:00:00,c++,5978
2020-07-01 00:00:00,r,3590
2020-07-01 00:00:00,swift,3752
2020-07-01 00:00:00,go,2073
2020-08-01 00:00:00,python,15386
2020-08-01 00:00:00,javascript,20797
2020-08-01 00:00:00,java,17289
2020-08-01 00:00:00,c#,9761
2020-08-01 00:00:00,c++,5982
2020-08-01 00:00:00,r,3444
2020-08-01 00:00:00,swift,3711
2020-08-01 00:00:00,go,2069
2020-09-01 00:00:00,python,15326
2020-09-01 00:00:00,javascript,20469
2020-09-01 00:00:00,java,16950
2020-09-01 00:00:00,c#,9307
2020-09-01 00:00:00,c++,5856
2020-09-01 00:00:00,r,3566
2020-09-01 00:00:00,swift,3834
2020-09-01 00:00:00,go,2269
2020-10-01 00:00:00,python,15652
2020-10-01 00:00:00,javascript,20269
2020-10-01 00:00:00,java,16992
2020-10-01 00:00:00,c#,9196
2020-10-01 00:00:00,c++,5609
2020-10-01 00:00:00,r,3802
2020-10-01 00:00:00,swift,3732
2020-10-01 00:00:00,go,2378
2020-11-01 00:00:00,python,15751
2020-11-01 00:00:00,javascript,20107
2020-11-01 00:00:00,java,16523
2020-11-01 00:00:00,c#,9300
2020-11-01 00:00:00,c++,5813
2020-11-01 00:00:00,r,3706
2020-11-01 00:00:00,swift,3779
2020-11-01 00:00:00,go,2312
2020-12-01 00:00:00,python,16175
2020-12-01 00:00:00,javascript,19797
2020-12-01 00:00:00,java,16689
2020-12-01 00:00:00,c#,9038
2020-12-01 00:00:00,c++,5774
2020-12-01 00:00:00,r,3751
2020-12-01 00:00:00,swift,3683
2020-12-01 00:00:00,go,2193
2021-01-01 00:00:00,python,16085
2021-01-01 00:00:00,javascript,19579
2021-01-01 00:00:00,java,16325
2021-01-01 00:00:00,c#,9006
2021-01-01 00:00:00,c++,5630
2021-01-01 00:00:00,r,3816
2021-01-01 00:00:00,swift,3653
2021-01-01 00:00:00,go,2421
2021-02-01 00:00:00,python,16570
2021-02-01 00:00:00,javascript,19631
2021-02-01 00:00:00,java,16776
2021-02-01 00:00:00,c#,8995
2021-02-01 00:00:00,c++,5577
2021-02-01 00:00:00,r,3903
2021-02-01 00:00:00,swift,3594
2021-02-01 00:00:00,go,2384
2021-03-01 00:00:00,python,16755
2021-03-01 00:00:00,javascript,19388
2021-03-01 00:00:00,java,16354
2021-03-01 00:00:00,c#,9050
2021-03-01 00:00:00,c++,5623
2021-03-01 00:00:00,r,3966
2021-03-01 00:00:00,swift,3649
2021-03-01 00:00:00,go,2421
2021-04-01 00:00:00,python,17273
2021-04-01 00:00:00,javascript,19118
2021-04-01 00:00:00,java,16106
2021-04-01 00:00:00,c#,8744
2021-04-01 00:00:00,c++,5502
2021-04-01 00:00:00,r,3933
2021-04-01 00:00:00,swift,3498
2021-04-01 00:00:00,go,2394
2021-05-01 00:00:00,python,17239
2021-05-01 00:00:00,javascript,19538
2021-05-01 00:00:00,java,16067
2021-05-01 00:00:00,c#,8541
2021-05-01 00:00:00,c++,5564
2021-05-01 00:00:00,r,3899
2021-05-01 00:00:00,swift,3514
2021-05-01 00:00:00,go,2434
2021-06-01 00:00:00,python,17385
2021-06-01 00:00:00,javascript,18910
2021-06-01 00:00:00,java,16053
2021-06-01 00:00:00,c#,8511
2021-06-01 00:00:00,c++,5472
2021-06-01 00:00:00,r,4100
2021-06-01 00:00:00,swift,3529
2021-06-01 00:00:00,go,2483
2021-07-01 00:00:00,python,17846
2021-07-01 00:00:00,javascript,18373
2021-07-01 00:00:00,java,15996
2021-07-01 00:00:00,c#,8707
2021-07-01 00:00:00,c++,5532
2021-07-01 00:00:00,r,3937
2021-07-01 00:00:00,swift,3396
2021-07-01 00:00:00,go,2556
2021-08-01 00:00:00,python,18033
2021-08-01 00:00:00,javascript,18719
2021-08-01 00:00:00,java,15832
2021-08-01 00:00:00,c#,8265
2021-08-01 00:00:00,c++,5352
2021-08-01 00:00:00,r,4021
2021-08-01 00:00:00,swift,3357
2021-08-01 00:00:00,go,2635
2021-09-01 00:00:00,python,18275
2021-09-01 00:00:00,javascript,18287
2021-09-01 00:00:00,java,15357
2021-09-01 00:00:00,c#,8027
2021-09-01 00:00:00,c++,5347
2021-09-01 00:00:00,r,4023
2021-09-01 00:00:00,swift,3308
2021-09-01 00:00:00,go,2613
2021-10-01 00:00:00,python,18465
2021-10-01 00:00:00,javascript,17958
2021-10-01 00:00:00,java,15278
2021-10-01 00:00:00,c#,8137
2021-10-01 00:00:00,c++,5331
2021-10-01 00:00:00,r,4196
2021-10-01 00:00:00,swift,3261
2021-10-01 00:00:00,go,2615
2021-11-01 00:00:00,python,18768
2021-11-01 00:00:00,javascript,17863
2021-11-01 00:00:00,java,15510
2021-11-01 00:00:00,c#,7893
2021-11-01 00:00:00,c++,5335
2021-11-01 00:00:00,r,4179
2021-11-01 00:00:00,swift,3334
2021-11-01 00:00:00,go,2621
2021-12-01 00:00:00,python,19344
2021-12-01 00:00:00,javascript,17626
2021-12-01 00:00:00,java,14970
2021-12-01 00:00:00,c#,7597
2021-12-01 00:00:00,c++,5170
2021-12-01 00:00:00,r,4244
2021-12-01 00:00:00,swift,3221
2021-12-01 00:00:00,go,2665
2022-01-01 00:00:00,python,19224
2022-01-01 00:00:00,javascript,17143
2022-01-01 00:00:00,java,14980
2022-01-01 00:00:00,c#,7813
2022-01-01 00:00:00,c++,5000
2022-01-01 00:00:00,r,4287
2022-01-01 00:00:00,swift,3218
2022-01-01 00:00:00,go,2793
2022-02-01 00:00:00,python,19422
2022-02-01 00:00:00,javascript,17470
2022-02-01 00:00:00,java,14808
2022-02-01 00:00:00,c#,7525
2022-02-01 00:00:00,c++,5299
2022-02-01 00:00:00,r,4309
2022-02-01 00:00:00,swift,3143
2022-02-01 00:00:00,go,2745
2022-03-01 00:00:00,python,19938
2022-03-01 00:00:00,javascript,17102
2022-03-01 00:00:00,java,14605
2022-03-01 00:00:00,c#,7593
2022-03-01 00:00:00,c++,5027
2022-03-01 00:00:00,r,4365
2022-03-01 00:00:00,swift,3080
2022-03-01 00:00:00,go,2815
2022-04-01 00:00:00,python,20050
2022-04-01 00:00:00,javascript,16677
2022-04-01 00:00:00,java,14156
2022-04-01 00:00:00,c#,7526
2022-04-01 00:00:00,c++,4972
2022-04-01 00:00:00,r,4591
2022-04-01 00:00:00,swift,3082
2022-04-01 00:00:00,go,2902
2022-05-01 00:00:00,python,20326
2022-05-01 00:00:00,javascript,16644
2022-05-01 00:00:00,java,14158
2022-05-01 00:00:00,c#,7207
2022-05-01 00:00:00,c++,4986
2022-05-01 00:00:00,r,4714
2022-05-01 00:00:00,swift,3113
2022-05-01 00:00:00,go,2853
2022-06-01 00:00:00,python,20696
2022-06-01 00:00:00,javascript,16356
2022-06-01 00:00:00,java,14298
2022-06-01 00:00:00,c#,7231
2022-06-01 00:00:00,c++,5036
2022-06-01 00:00:00,r,4434
2022-06-01 00:00:00,swift,2986
2022-06-01 00:00:00,go,2877
2022-07-01 00:00:00,python,20929
2022-07-01 00:00:00,javascript,15504
2022-07-01 00:00:00,java,13604
2022-07-01 00:00:00,c#,7315
2022-07-01 00:00:00,c++,4694
2022-07-01 00:00:00,r,4610
2022-07-01 00:00:00,swift,3026
2022-07-01 00:00:00,go,2957
2022-08-01 00:00:00,python,21039
2022-08-01 00:00:00,javascript,15615
2022-08-01 00:00:00,java,14026
2022-08-01 00:00:00,c#,7313
2022-08-01 00:00:00,c++,5010
2022-08-01 00:00:00,r,4589
2022-08-01 00:00:00,swift,2850
2022-08-01 00:00:00,go,2986
2022-09-01 00:00:00,python,21063
2022-09-01 00:00:00,javascript,15440
2022-09-01 00:00:00,java,13371
2022-09-01 00:00:00,c#,6998
2022-09-01 00:00:00,c++,4823
2022-09-01 00:00:00,r,4737
2022-09-01 00:00:00,swift,2802
2022-09-01 00:00:00,go,2952
2022-10-01 00:00:00,python,21670
2022-10-01 00:00:00,javascript,15465
2022-10-01 00:00:00,java,13085
2022-10-01 00:00:00,c#,6916
2022-10-01 00:00:00,c++,4781
2022-10-01 00:00:00,r,4744
2022-10-01 00:00:00,swift,2839
2022-10-01 00:00:00,go,3086
2022-11-01 00:00:00,python,21795
2022-11-01 00:00:00,javascript,15143
2022-11-01 00:00:00,java,13220
2022-11-01 00:00:00,c#,6905
2022-11-01 00:00:00,c++,4807
2022-11-01 00:00:00,r,4730
2022-11-01 00:00:00,swift,2746
2022-11-01 00:00:00,go,3007
2022-12-01 00:00:00,python,22111
2022-12-01 00:00:00,javascript,15006
2022-12-01 00:00:00,java,13368
2022-12-01 00:00:00,c#,6831
2022-12-01 00:00:00,c++,4596
2022-12-01 00:00:00,r,4869
2022-12-01 00:00:00,swift,2760
2022-12-01 00:00:00,go,3093
2023-01-01 00:00:00,python,22317
2023-01-01 00:00:00,javascript,14745
2023-01-01 00:00:00,java,12892
2023-01-01 00:00:00,c#,6701
2023-01-01 00:00:00,c++,4703
2023-01-01 00:00:00,r,4911
2023-01-01 00:00:00,swift,2764
2023-01-01 00:00:00,go,3130
2023-02-01 00:00:00,python,22649
2023-02-01 00:00:00,javascript,14397
2023-02-01 00:00:00,java,12635
2023-02-01 00:00:00,c#,6836
2023-02-01 00:00:00,c++,4585
2023-02-01 00:00:00,r,4928
2023-02-01 00:00:00,swift,2730
2023-02-01 00:00:00,go,3148
2023-03-01 00:00:00,python,22901
2023-03-01 00:00:00,javascript,14209
2023-03-01 00:00:00,java,12531
2023-03-01 00:00:00,c#,6649
2023-03-01 00:00:00,c++,4489
2023-03-01 00:00:00,r,4960
2023-03-01 00:00:00,swift,2700
2023-03-01 00:00:00,go,3166
2023-04-01 00:00:00,python,23037
2023-04-01 00:00:00,javascript,13800
2023-04-01 00:00:00,java,12500
2023-04-01 00:00:00,c#,6276
2023-04-01 00:00:00,c++,4745
2023-04-01 00:00:00,r,5034
2023-04-01 00:00:00,swift,2648
2023-04-01 00:00:00,go,3232
2023-05-01 00:00:00,python,23662
2023-05-01 00:00:00,javascript,13634
2023-05-01 00:00:00,java,12218
2023-05-01 00:00:00,c#,6271
2023-05-01 00:00:00,c++,4571
2023-05-01 00:00:00,r,5162
2023-05-01 00:00:00,swift,2678
2023-05-01 00:00:00,go,3299
2023-06-01 00:00:00,python,23831
2023-06-01 00:00:00,javascript,13183
2023-06-01 00:00:00,java,11969
2023-06-01 00:00:00,c#,6591
2023-06-01 00:00:00,c++,4413
2023-06-01 00:00:00,r,5237
2023-06-01 00:00:00,swift,2613
2023-06-01 00:00:00,go,3298
2023-07-01 00:00:00,python,24156
2023-07-01 00:00:00,javascript,13030
2023-07-01 00:00:00,java,11703
2023-07-01 00:00:00,c#,6161
2023-07-01 00:00:00,c++,4367
2023-07-01 00:00:00,r,5100
2023-07-01 00:00:00,swift,2502
2023-07-01 00:00:00,go,3329
2023-08-01 00:00:00,python,24450
2023-08-01 00:00:00,javascript,12670
2023-08-01 00:00:00,java,11438
2023-08-01 00:00:00,c#,6134
2023-08-01 00:00:00,c++,4392
2023-08-01 00:00:00,r,5356
2023-08-01 00:00:00,swift,2558
2023-08-01 00:00:00,go,3297
2023-09-01 00:00:00,python,25244
2023-09-01 00:00:00,javascript,12883
2023-09-01 00:00:00,java,11711
2023-09-01 00:00:00,c#,6127
2023-09-01 00:00:00,c++,4256
2023-09-01 00:00:00,r,5286
2023-09-01 00:00:00,swift,2436
2023-09-01 00:00:00,go,3380
2023-10-01 00:00:00,python,25096
2023-10-01 00:00:00,javascript,12186
2023-10-01 00:00:00,java,10623
2023-10-01 00:00:00,c#,6113
2023-10-01 00:00:00,c++,4299
2023-10-01 00:00:00,r,5278
2023-10-01 00:00:00,swift,2324
2023-10-01 00:00:00,go,3449
2023-11-01 00:00:00,python,25341
2023-11-01 00:00:00,javascript,12044
2023-11-01 00:00:00,java,10761
2023-11-01 00:00:00,c#,6042
2023-11-01 00:00:00,c++,4411
2023-11-01 00:00:00,r,5367
2023-11-01 00:00:00,swift,2445
2023-11-01 00:00:00,go,3517
2023-12-01 00:00:00,python,25753
2023-12-01 00:00:00,javascript,11769
2023-12-01 00:00:00,java,10625
2023-12-01 00:00:00,c#,5988
2023-12-01 00:00:00,c++,4154
2023-12-01 00:00:00,r,5457
2023-12-01 00:00:00,swift,2327
2023-12-01 00:00:00,go,3564
2024-01-01 00:00:00,python,25905
2024-01-01 00:00:00,javascript,11386
2024-01-01 00:00:00,java,10787
2024-01-01 00:00:00,c#,5726
2024-01-01 00:00:00,c++,4124
2024-01-01 00:00:00,r,5493
2024-01-01 00:00:00,swift,2432
2024-01-01 00:00:00,go,3476
