set_num,name,year,theme_id,num_parts
700.1-1,Extra-Large Gift Set,1949,365,142
700.2-1,Large Gift Set,1949,365,178
700.3-1,Medium Gift Set,1949,365,142
700.A-1,Small Brick Set,1950,365,24
338-1,Ambulance,1970,50,53
375-2,Castle (Yellow Castle),1978,186,767
928-1,Space Cruiser And Moonbase,1979,126,338
850-1,Fork-Lift Truck,1977,1,210
8860-1,Car Chassis,1980,1,668
6080-1,King's Castle,1984,186,674
6990-1,Monorail Transport System,1987,126,731
7140-1,X-wing Fighter,1999,18,266
7190-1,Millennium Falcon,2000,18,663
4709-1,Hogwarts Castle,2001,246,682
10179-1,Ultimate Collector's Millennium Falcon,2007,158,5197
10188-1,Death Star,2008,158,3803
10214-1,Tower Bridge,2010,22,4287
7965-1,Millennium Falcon (2011),2011,158,1254
75192-1,UCS Millennium Falcon,2017,158,7541
71043-1,Hogwarts Castle Microscale,2018,246,6020
10276-1,Colosseum,2020,22,9036
10294-1,Titanic,2021,22,9090
10307-1,Eiffel Tower,2022,22,10001
60316-1,Police Station,2022,52,668
75331-1,The Razor Crest UCS,2022,18,6187
75355-1,X-Wing Starfighter UCS,2023,18,1949
76269-1,Avengers Tower,2023,576,5201
42146-1,Liebherr Crawler Crane LR 13000,2023,1,2883
1955-1,Building Set 1955 #1,1955,246,31
1955-2,Building Set 1955 #2,1955,576,48
1955-3,Building Set 1955 #3,1955,126,36
1955-4,Building Set 1955 #4,1955,576,36
1955-5,Building Set 1955 #5,1955,126,65
1956-1,Building Set 1956 #1,1956,186,58
1956-2,Building Set 1956 #2,1956,126,34
1956-3,Building Set 1956 #3,1956,126,35
1956-4,Building Set 1956 #4,1956,1,49
1956-5,Building Set 1956 #5,1956,22,10
1957-1,Building Set 1957 #1,1957,1,10
1957-2,Building Set 1957 #2,1957,50,62
1957-3,Building Set 1957 #3,1957,246,49
1957-4,Building Set 1957 #4,1957,126,57
1957-5,Building Set 1957 #5,1957,50,39
1958-1,Building Set 1958 #1,1958,18,97
1958-2,Building Set 1958 #2,1958,52,57
1958-3,Building Set 1958 #3,1958,673,69
1958-4,Building Set 1958 #4,1958,22,72
1958-5,Building Set 1958 #5,1958,576,30
1959-1,Building Set 1959 #1,1959,50,56
1959-2,Building Set 1959 #2,1959,576,71
1959-3,Building Set 1959 #3,1959,52,67
1959-4,Building Set 1959 #4,1959,673,13
1959-5,Building Set 1959 #5,1959,52,67
1960-1,Building Set 1960 #1,1960,576,93
1960-2,Building Set 1960 #2,1960,246,84
1960-3,Building Set 1960 #3,1960,126,69
1960-4,Building Set 1960 #4,1960,18,133
1960-5,Building Set 1960 #5,1960,22,98
1961-1,Building Set 1961 #1,1961,22,51
1961-2,Building Set 1961 #2,1961,22,61
1961-3,Building Set 1961 #3,1961,246,19
1961-4,Building Set 1961 #4,1961,576,34
1961-5,Building Set 1961 #5,1961,576,105
1962-1,Building Set 1962 #1,1962,126,109
1962-2,Building Set 1962 #2,1962,673,57
1962-3,Building Set 1962 #3,1962,246,75
1962-4,Building Set 1962 #4,1962,22,34
1962-5,Building Set 1962 #5,1962,246,123
1963-1,Building Set 1963 #1,1963,246,141
1963-2,Building Set 1963 #2,1963,576,141
1963-3,Building Set 1963 #3,1963,186,92
1963-4,Building Set 1963 #4,1963,126,133
1963-5,Building Set 1963 #5,1963,50,108
1964-1,Building Set 1964 #1,1964,246,169
1964-2,Building Set 1964 #2,1964,22,79
1964-3,Building Set 1964 #3,1964,50,118
1964-4,Building Set 1964 #4,1964,246,215
1964-5,Building Set 1964 #5,1964,52,61
1965-1,Building Set 1965 #1,1965,126,90
1965-2,Building Set 1965 #2,1965,52,46
1965-3,Building Set 1965 #3,1965,246,77
1965-4,Building Set 1965 #4,1965,18,91
1965-5,Building Set 1965 #5,1965,673,138
1966-1,Building Set 1966 #1,1966,186,185
1966-2,Building Set 1966 #2,1966,52,131
1966-3,Building Set 1966 #3,1966,673,176
1966-4,Building Set 1966 #4,1966,246,111
1966-5,Building Set 1966 #5,1966,1,161
1967-1,Building Set 1967 #1,1967,1,116
1967-2,Building Set 1967 #2,1967,52,57
1967-3,Building Set 1967 #3,1967,22,89
1967-4,Building Set 1967 #4,1967,22,110
1967-5,Building Set 1967 #5,1967,126,77
1968-1,Building Set 1968 #1,1968,576,206
1968-2,Building Set 1968 #2,1968,186,169
1968-3,Building Set 1968 #3,1968,52,62
1968-4,Building Set 1968 #4,1968,1,150
1968-5,Building Set 1968 #5,1968,246,149
1969-1,Building Set 1969 #1,1969,18,114
1969-2,Building Set 1969 #2,1969,576,194
1969-3,Building Set 1969 #3,1969,1,135
1969-4,Building Set 1969 #4,1969,1,158
1969-5,Building Set 1969 #5,1969,1,126
1970-1,Building Set 1970 #1,1970,673,147
1970-2,Building Set 1970 #2,1970,186,232
1970-3,Building Set 1970 #3,1970,576,96
1970-4,Building Set 1970 #4,1970,1,120
1970-5,Building Set 1970 #5,1970,52,276
1971-1,Building Set 1971 #1,1971,18,237
1971-2,Building Set 1971 #2,1971,1,360
1971-3,Building Set 1971 #3,1971,22,115
1971-4,Building Set 1971 #4,1971,50,148
1971-5,Building Set 1971 #5,1971,52,107
1972-1,Building Set 1972 #1,1972,673,150
1972-2,Building Set 1972 #2,1972,50,162
1972-3,Building Set 1972 #3,1972,246,297
1972-4,Building Set 1972 #4,1972,52,195
1972-5,Building Set 1972 #5,1972,246,258
1973-1,Building Set 1973 #1,1973,18,265
1973-2,Building Set 1973 #2,1973,22,305
1973-3,Building Set 1973 #3,1973,22,241
1973-4,Building Set 1973 #4,1973,673,94
1973-5,Building Set 1973 #5,1973,50,167
1974-1,Building Set 1974 #1,1974,22,189
1974-2,Building Set 1974 #2,1974,52,85
1974-3,Building Set 1974 #3,1974,126,256
1974-4,Building Set 1974 #4,1974,126,224
1974-5,Building Set 1974 #5,1974,22,256
1975-1,Building Set 1975 #1,1975,50,339
1975-2,Building Set 1975 #2,1975,52,304
1975-3,Building Set 1975 #3,1975,576,350
1975-4,Building Set 1975 #4,1975,52,232
1975-5,Building Set 1975 #5,1975,1,286
1976-1,Building Set 1976 #1,1976,18,195
1976-2,Building Set 1976 #2,1976,18,10
1976-3,Building Set 1976 #3,1976,22,185
1976-4,Building Set 1976 #4,1976,52,167
1976-5,Building Set 1976 #5,1976,126,360
1977-1,Building Set 1977 #1,1977,52,448
1977-2,Building Set 1977 #2,1977,50,206
1977-3,Building Set 1977 #3,1977,1,340
1977-4,Building Set 1977 #4,1977,50,71
1977-5,Building Set 1977 #5,1977,186,188
1978-1,Building Set 1978 #1,1978,186,208
1978-2,Building Set 1978 #2,1978,186,418
1978-3,Building Set 1978 #3,1978,18,280
1978-4,Building Set 1978 #4,1978,126,649
1978-5,Building Set 1978 #5,1978,1,321
1979-1,Building Set 1979 #1,1979,126,329
1979-2,Building Set 1979 #2,1979,52,122
1979-3,Building Set 1979 #3,1979,50,328
1979-4,Building Set 1979 #4,1979,126,355
1979-5,Building Set 1979 #5,1979,186,313
1980-1,Building Set 1980 #1,1980,126,453
1980-2,Building Set 1980 #2,1980,50,217
1980-3,Building Set 1980 #3,1980,1,266
1980-4,Building Set 1980 #4,1980,50,379
1980-5,Building Set 1980 #5,1980,186,175
1981-1,Building Set 1981 #1,1981,673,463
1981-2,Building Set 1981 #2,1981,246,210
1981-3,Building Set 1981 #3,1981,18,243
1981-4,Building Set 1981 #4,1981,673,217
1981-5,Building Set 1981 #5,1981,1,436
1982-1,Building Set 1982 #1,1982,673,670
1982-2,Building Set 1982 #2,1982,246,148
1982-3,Building Set 1982 #3,1982,576,311
1982-4,Building Set 1982 #4,1982,673,304
1982-5,Building Set 1982 #5,1982,50,371
1983-1,Building Set 1983 #1,1983,246,424
1983-2,Building Set 1983 #2,1983,246,345
1983-3,Building Set 1983 #3,1983,186,262
1983-4,Building Set 1983 #4,1983,186,337
1983-5,Building Set 1983 #5,1983,673,344
1984-1,Building Set 1984 #1,1984,673,539
1984-2,Building Set 1984 #2,1984,186,497
1984-3,Building Set 1984 #3,1984,126,108
1984-4,Building Set 1984 #4,1984,1,341
1984-5,Building Set 1984 #5,1984,126,571
1985-1,Building Set 1985 #1,1985,246,897
1985-2,Building Set 1985 #2,1985,246,797
1985-3,Building Set 1985 #3,1985,576,87
1985-4,Building Set 1985 #4,1985,1,493
1985-5,Building Set 1985 #5,1985,576,377
1986-1,Building Set 1986 #1,1986,246,160
1986-2,Building Set 1986 #2,1986,673,579
1986-3,Building Set 1986 #3,1986,126,648
1986-4,Building Set 1986 #4,1986,1,417
1986-5,Building Set 1986 #5,1986,18,420
1987-1,Building Set 1987 #1,1987,186,698
1987-2,Building Set 1987 #2,1987,126,763
1987-3,Building Set 1987 #3,1987,1,937
1987-4,Building Set 1987 #4,1987,246,716
1987-5,Building Set 1987 #5,1987,50,358
1988-1,Building Set 1988 #1,1988,126,259
1988-2,Building Set 1988 #2,1988,186,625
1988-3,Building Set 1988 #3,1988,673,695
1988-4,Building Set 1988 #4,1988,673,10
1988-5,Building Set 1988 #5,1988,1,313
1989-1,Building Set 1989 #1,1989,126,920
1989-2,Building Set 1989 #2,1989,126,238
1989-3,Building Set 1989 #3,1989,52,528
1989-4,Building Set 1989 #4,1989,673,453
1989-5,Building Set 1989 #5,1989,50,816
1990-1,Building Set 1990 #1,1990,126,585
1990-2,Building Set 1990 #2,1990,52,715
1990-3,Building Set 1990 #3,1990,18,617
1990-4,Building Set 1990 #4,1990,1,663
1990-5,Building Set 1990 #5,1990,52,798
1991-1,Building Set 1991 #1,1991,576,791
1991-2,Building Set 1991 #2,1991,1,1049
1991-3,Building Set 1991 #3,1991,1,726
1991-4,Building Set 1991 #4,1991,50,722
1991-5,Building Set 1991 #5,1991,1,677
1992-1,Building Set 1992 #1,1992,1,477
1992-2,Building Set 1992 #2,1992,673,861
1992-3,Building Set 1992 #3,1992,673,517
1992-4,Building Set 1992 #4,1992,18,628
1992-5,Building Set 1992 #5,1992,673,199
1993-1,Building Set 1993 #1,1993,126,804
1993-2,Building Set 1993 #2,1993,576,615
1993-3,Building Set 1993 #3,1993,52,783
1993-4,Building Set 1993 #4,1993,52,643
1993-5,Building Set 1993 #5,1993,673,1109
1994-1,Building Set 1994 #1,1994,50,173
1994-2,Building Set 1994 #2,1994,1,522
1994-3,Building Set 1994 #3,1994,1,799
1994-4,Building Set 1994 #4,1994,246,982
1994-5,Building Set 1994 #5,1994,126,756
1995-1,Building Set 1995 #1,1995,1,1051
1995-2,Building Set 1995 #2,1995,50,968
1995-3,Building Set 1995 #3,1995,22,903
1995-4,Building Set 1995 #4,1995,52,70
1995-5,Building Set 1995 #5,1995,22,917
1996-1,Building Set 1996 #1,1996,1,657
1996-2,Building Set 1996 #2,1996,52,669
1996-3,Building Set 1996 #3,1996,52,566
1996-4,Building Set 1996 #4,1996,50,494
1996-5,Building Set 1996 #5,1996,126,746
1997-1,Building Set 1997 #1,1997,50,1131
1997-2,Building Set 1997 #2,1997,126,1450
1997-3,Building Set 1997 #3,1997,52,1347
1997-4,Building Set 1997 #4,1997,22,907
1997-5,Building Set 1997 #5,1997,673,809
1998-1,Building Set 1998 #1,1998,186,838
1998-2,Building Set 1998 #2,1998,246,344
1998-3,Building Set 1998 #3,1998,22,687
1998-4,Building Set 1998 #4,1998,18,298
1998-5,Building Set 1998 #5,1998,576,837
1999-1,Building Set 1999 #1,1999,1,735
1999-2,Building Set 1999 #2,1999,246,997
1999-3,Building Set 1999 #3,1999,22,255
1999-4,Building Set 1999 #4,1999,50,1203
1999-5,Building Set 1999 #5,1999,186,499
2000-1,Building Set 2000 #1,2000,50,1166
2000-2,Building Set 2000 #2,2000,246,319
2000-3,Building Set 2000 #3,2000,18,727
2000-4,Building Set 2000 #4,2000,673,1173
2000-5,Building Set 2000 #5,2000,22,1143
2001-1,Building Set 2001 #1,2001,246,1095
2001-2,Building Set 2001 #2,2001,22,1463
2001-3,Building Set 2001 #3,2001,1,927
2001-4,Building Set 2001 #4,2001,126,600
2001-5,Building Set 2001 #5,2001,186,218
2002-1,Building Set 2002 #1,2002,186,1165
2002-2,Building Set 2002 #2,2002,126,1118
2002-3,Building Set 2002 #3,2002,18,960
2002-4,Building Set 2002 #4,2002,22,676
2002-5,Building Set 2002 #5,2002,1,576
2003-1,Building Set 2003 #1,2003,126,624
2003-2,Building Set 2003 #2,2003,246,1568
2003-3,Building Set 2003 #3,2003,22,918
2003-4,Building Set 2003 #4,2003,576,740
2003-5,Building Set 2003 #5,2003,126,646
2004-1,Building Set 2004 #1,2004,673,766
2004-2,Building Set 2004 #2,2004,576,1424
2004-3,Building Set 2004 #3,2004,126,278
2004-4,Building Set 2004 #4,2004,22,877
2004-5,Building Set 2004 #5,2004,1,338
2005-1,Building Set 2005 #1,2005,22,1439
2005-2,Building Set 2005 #2,2005,50,802
2005-3,Building Set 2005 #3,2005,186,492
2005-4,Building Set 2005 #4,2005,576,1807
2005-5,Building Set 2005 #5,2005,18,529
2006-1,Building Set 2006 #1,2006,576,1159
2006-2,Building Set 2006 #2,2006,1,1031
2006-3,Building Set 2006 #3,2006,1,1736
2006-4,Building Set 2006 #4,2006,126,812
2006-5,Building Set 2006 #5,2006,1,1697
2007-1,Building Set 2007 #1,2007,1,21
2007-2,Building Set 2007 #2,2007,1,712
2007-3,Building Set 2007 #3,2007,126,1116
2007-4,Building Set 2007 #4,2007,126,1134
2007-5,Building Set 2007 #5,2007,126,974
2008-1,Building Set 2008 #1,2008,1,414
2008-2,Building Set 2008 #2,2008,50,748
2008-3,Building Set 2008 #3,2008,1,841
2008-4,Building Set 2008 #4,2008,1,10
2008-5,Building Set 2008 #5,2008,50,1026
2009-1,Building Set 2009 #1,2009,18,1267
2009-2,Building Set 2009 #2,2009,126,1734
2009-3,Building Set 2009 #3,2009,22,919
2009-4,Building Set 2009 #4,2009,246,2392
2009-5,Building Set 2009 #5,2009,126,1893
2010-1,Building Set 2010 #1,2010,50,1655
2010-2,Building Set 2010 #2,2010,246,1743
2010-3,Building Set 2010 #3,2010,50,363
2010-4,Building Set 2010 #4,2010,18,1323
2010-5,Building Set 2010 #5,2010,576,161
2011-1,Building Set 2011 #1,2011,246,2225
2011-2,Building Set 2011 #2,2011,52,1377
2011-3,Building Set 2011 #3,2011,673,1255
2011-4,Building Set 2011 #4,2011,52,1665
2011-5,Building Set 2011 #5,2011,576,1327
2012-1,Building Set 2012 #1,2012,18,1051
2012-2,Building Set 2012 #2,2012,50,169
2012-3,Building Set 2012 #3,2012,186,2360
2012-4,Building Set 2012 #4,2012,576,1593
2012-5,Building Set 2012 #5,2012,22,826
2013-1,Building Set 2013 #1,2013,50,1364
2013-2,Building Set 2013 #2,2013,18,1916
2013-3,Building Set 2013 #3,2013,673,1671
2013-4,Building Set 2013 #4,2013,18,1057
2013-5,Building Set 2013 #5,2013,673,1283
2014-1,Building Set 2014 #1,2014,673,809
2014-2,Building Set 2014 #2,2014,18,1174
2014-3,Building Set 2014 #3,2014,22,928
2014-4,Building Set 2014 #4,2014,673,1665
2014-5,Building Set 2014 #5,2014,576,2046
2015-1,Building Set 2015 #1,2015,1,1904
2015-2,Building Set 2015 #2,2015,1,1068
2015-3,Building Set 2015 #3,2015,50,1119
2015-4,Building Set 2015 #4,2015,576,1093
2015-5,Building Set 2015 #5,2015,186,1857
2016-1,Building Set 2016 #1,2016,576,1005
2016-2,Building Set 2016 #2,2016,18,1959
2016-3,Building Set 2016 #3,2016,246,884
2016-4,Building Set 2016 #4,2016,18,2353
2016-5,Building Set 2016 #5,2016,22,25
2017-1,Building Set 2017 #1,2017,246,1391
2017-2,Building Set 2017 #2,2017,22,1475
2017-3,Building Set 2017 #3,2017,1,1115
2017-4,Building Set 2017 #4,2017,22,853
2017-5,Building Set 2017 #5,2017,1,1293
2018-1,Building Set 2018 #1,2018,673,240
2018-2,Building Set 2018 #2,2018,50,1361
2018-3,Building Set 2018 #3,2018,52,2889
2018-4,Building Set 2018 #4,2018,186,2487
2018-5,Building Set 2018 #5,2018,1,1879
2019-1,Building Set 2019 #1,2019,50,620
2019-2,Building Set 2019 #2,2019,52,866
2019-3,Building Set 2019 #3,2019,673,689
2019-4,Building Set 2019 #4,2019,186,1966
2019-5,Building Set 2019 #5,2019,126,1196
2020-1,Building Set 2020 #1,2020,52,809
2020-2,Building Set 2020 #2,2020,576,10
2020-3,Building Set 2020 #3,2020,52,2077
2020-4,Building Set 2020 #4,2020,576,1475
2020-5,Building Set 2020 #5,2020,52,1038
2021-1,Building Set 2021 #1,2021,186,1669
2021-2,Building Set 2021 #2,2021,186,1977
2021-3,Building Set 2021 #3,2021,50,2054
2021-4,Building Set 2021 #4,2021,576,2232
2021-5,Building Set 2021 #5,2021,673,2300
2022-1,Building Set 2022 #1,2022,186,1195
2022-2,Building Set 2022 #2,2022,673,1194
2022-3,Building Set 2022 #3,2022,1,478
2022-4,Building Set 2022 #4,2022,52,1404
2022-5,Building Set 2022 #5,2022,673,1508
2023-1,Building Set 2023 #1,2023,186,960
2023-2,Building Set 2023 #2,2023,52,1952
2023-3,Building Set 2023 #3,2023,50,1659
2023-4,Building Set 2023 #4,2023,673,1476
2023-5,Building Set 2023 #5,2023,126,2474
