name,email,year,month,day
Aarav Sharma,aarav.sharma@example.com,2000,1,1
Varun Nambiar,varun.nambiar@example.com,2002,1,2
Siya Nair,siya.nair@example.com,2002,1,3
Raj Shukla,raj.shukla@example.com,2003,1,4
Vaishnavi Malhotra,vaishnavi.malhotra@example.com,2004,1,5
Amit Somani,amit.somani@example.com,1999,1,6
Reyansh Sen,reyansh.sen@example.com,1999,1,7
Aditi Awasthi,aditi.awasthi@example.com,1995,1,8
Geeta Mittal,geeta.mittal@example.com,1995,1,9
Kruti Upadhyay,kruti.upadhyay@example.com,1994,1,10
Kabir Ghosh,kabir.ghosh@example.com,2005,1,11
Rakesh Trivedi,rakesh.trivedi@example.com,2001,1,12
Riya Bansal,riya.bansal@example.com,1996,1,13
Kunal Tiwari,kunal.tiwari@example.com,1997,1,14
Divya Das,divya.das@example.com,1998,1,15
Yash Saxena,yash.saxena@example.com,1994,1,16
Shruti Saxena,shruti.saxena@example.com,2003,1,17
Avani Malhotra,avani.malhotra@example.com,2002,1,18
Pooja Nambiar,pooja.nambiar@example.com,1997,1,19
Sameer Awasthi,sameer.awasthi@example.com,2004,1,20
Ayan Bhatt,ayan.bhatt@example.com,2005,1,21
Rudra Mukherjee,rudra.mukherjee@example.com,1997,1,22
Komal Choudhury,komal.choudhury@example.com,1999,1,23
Rhea Dutta,rhea.dutta@example.com,1999,1,24
Prisha Mehta,prisha.mehta@example.com,1992,1,25
Kabir Yadav,kabir.yadav@example.com,1993,1,26
Navya Iyer,navya.iyer@example.com,1999,1,27
Naina Pandit,naina.pandit@example.com,1993,1,28
Tanmay Mukherjee,tanmay.mukherjee@example.com,1997,1,29
Simran Pillai,simran.pillai@example.com,1999,1,30
Aarav Menon,aarav.menon@example.com,1999,1,31
Tanushree Sen,tanushree.sen@example.com,2005,2,1
Aditya Iyer,aditya.iyer@example.com,1994,2,2
Urvi Joshi,urvi.joshi@example.com,1996,2,3
Dev Upadhyay,dev.upadhyay@example.com,2004,2,4
Shreya Gupta,shreya.gupta@example.com,1997,2,5
Harsh Bhatt,harsh.bhatt@example.com,2001,2,6
Mahika Dutta,mahika.dutta@example.com,2001,2,7
Charu Ghosh,charu.ghosh@example.com,1994,2,8
Parth Chauhan,parth.chauhan@example.com,2000,2,9
Mansi Pandey,mansi.pandey@example.com,1993,2,10
Shreya Trivedi,shreya.trivedi@example.com,1998,2,11
Neha Pillai,neha.pillai@example.com,2005,2,12
Pranav Iyer,pranav.iyer@example.com,2003,2,13
Tanushree Gupta,tanushree.gupta@example.com,2004,2,14
Mansi Kumar,mansi.kumar@example.com,1993,2,15
Tanvi Khanna,tanvi.khanna@example.com,1997,2,16
Juhi Chakraborty,juhi.chakraborty@example.com,2000,2,17
Tanushree Singh,tanushree.singh@example.com,2002,2,18
Vivaan Shukla,vivaan.shukla@example.com,1993,2,19
Varun Saxena,varun.saxena@example.com,2004,2,20
Radhika Sinha,radhika.sinha@example.com,1996,2,21
Rakesh Basu,rakesh.basu@example.com,2000,2,22
Siya Verma,siya.verma@example.com,1999,2,23
Zoya Patel,zoya.patel@example.com,1998,2,24
Mayank Upadhyay,mayank.upadhyay@example.com,2001,2,25
Gauri Mukherjee,gauri.mukherjee@example.com,1998,2,26
Mayank Dubey,mayank.dubey@example.com,1995,2,27
Sai Trivedi,sai.trivedi@example.com,2001,2,28
Sanjay Pillai,sanjay.pillai@example.com,1995,2,29
Samaira Joshi,samaira.joshi@example.com,2000,3,1
Raj Khanna,raj.khanna@example.com,1994,3,2
Sunita Desai,sunita.desai@example.com,1999,3,3
Tirth Basu,tirth.basu@example.com,1998,3,4
Simran Chatterjee,simran.chatterjee@example.com,1993,3,5
Ayush Singhal,ayush.singhal@example.com,1997,3,6
Pallavi Dutta,pallavi.dutta@example.com,1995,3,7
Alok Sengupta,alok.sengupta@example.com,2005,3,8
Vaishnavi Joshi,vaishnavi.joshi@example.com,2003,3,9
Mahika Kumar,mahika.kumar@example.com,2001,3,10
Akash Kapoor,akash.kapoor@example.com,1998,3,11
Priya Desai,priya.desai@example.com,2004,3,12
Siddharth Mukherjee,siddharth.mukherjee@example.com,1998,3,13
Pooja Kulkarni,pooja.kulkarni@example.com,2001,3,14
Mahika Upadhyay,mahika.upadhyay@example.com,2004,3,15
Omkar Rao,omkar.rao@example.com,1997,3,16
Sneha Garg,sneha.garg@example.com,2000,3,17
Palak Khanna,palak.khanna@example.com,2003,3,18
Nikhil Bhardwaj,nikhil.bhardwaj@example.com,1995,3,19
Kiara Banerjee,kiara.banerjee@example.com,1994,3,20
Sanjay Yadav,sanjay.yadav@example.com,2002,3,21
Komal Pillai,komal.pillai@example.com,2002,3,22
Avani Mishra,avani.mishra@example.com,1993,3,23
Rishi Basu,rishi.basu@example.com,2003,3,24
Reyansh Tiwari,reyansh.tiwari@example.com,2003,3,25
Rekha Basu,rekha.basu@example.com,2001,3,26
Sai Bhatt,sai.bhatt@example.com,2005,3,27
Aditya Mittal,aditya.mittal@example.com,1999,3,28
Nandini Singhal,nandini.singhal@example.com,1993,3,29
Arjun Bhardwaj,arjun.bhardwaj@example.com,2001,3,30
Navya Menon,navya.menon@example.com,2001,3,31
Vanya Mehta,vanya.mehta@example.com,1999,4,1
Aditya Das,aditya.das@example.com,1997,4,2
Rekha Chauhan,rekha.chauhan@example.com,2000,4,3
Sai Pandit,sai.pandit@example.com,1993,4,4
Payal Shah,payal.shah@example.com,2005,4,5
Gauri Sharma,gauri.sharma@example.com,1999,4,6
Aniket Pandey,aniket.pandey@example.com,1994,4,7
Aryan Nambiar,aryan.nambiar@example.com,1996,4,8
Suman Nambiar,suman.nambiar@example.com,1998,4,9
Tirth Desai,tirth.desai@example.com,1993,4,10
Chetan Sinha,chetan.sinha@example.com,2001,4,11
Pranav Trivedi,pranav.trivedi@example.com,1993,4,12
Dev Das,dev.das@example.com,2002,4,13
Vivaan Bansal,vivaan.bansal@example.com,2005,4,14
Aryan Yadav,aryan.yadav@example.com,2001,4,15
Vivaan Basu,vivaan.basu@example.com,2004,4,16
Kiara Mishra,kiara.mishra@example.com,2005,4,17
Pari Pillai,pari.pillai@example.com,1998,4,18
Suresh Pandey,suresh.pandey@example.com,1997,4,19
Zoya Bhardwaj,zoya.bhardwaj@example.com,1999,4,20
Vishal Sen,vishal.sen@example.com,2002,4,21
Deepa Garg,deepa.garg@example.com,2002,4,22
Suman Upadhyay,suman.upadhyay@example.com,1992,4,23
Kavya Tripathi,kavya.tripathi@example.com,1993,4,24
Roshni Reddy,roshni.reddy@example.com,1995,4,25
Bhavna Jain,bhavna.jain@example.com,2005,4,26
Mohit Yadav,mohit.yadav@example.com,1994,4,27
Diya Chatterjee,diya.chatterjee@example.com,2001,4,28
Pallavi Verma,pallavi.verma@example.com,2004,4,29
Pari Sharma,pari.sharma@example.com,2002,4,30
Bhavna Kapoor,bhavna.kapoor@example.com,2004,5,1
Rishi Shah,rishi.shah@example.com,1992,5,2
Anjali Goswami,anjali.goswami@example.com,2004,5,3
Divya Shah,divya.shah@example.com,1994,5,4
Rekha Trivedi,rekha.trivedi@example.com,2002,5,5
Avani Mukherjee,avani.mukherjee@example.com,1994,5,6
Raj Garg,raj.garg@example.com,1999,5,7
Parth Singhal,parth.singhal@example.com,2000,5,8
Reyansh Singh,reyansh.singh@example.com,1996,5,9
Vidhi Sengupta,vidhi.sengupta@example.com,1998,5,10
Pallavi Kapoor,pallavi.kapoor@example.com,2001,5,11
Shruti Basu,shruti.basu@example.com,2001,5,12
Priya Trivedi,priya.trivedi@example.com,1999,5,13
Shaurya Mishra,shaurya.mishra@example.com,1995,5,14
Radhika Khanna,radhika.khanna@example.com,1995,5,15
Nikhil Desai,nikhil.desai@example.com,2002,5,16
Kabir Saxena,kabir.saxena@example.com,1997,5,17
Vidhi Bhatt,vidhi.bhatt@example.com,1996,5,18
Vikram Tripathi,vikram.tripathi@example.com,2001,5,19
Nandini Yadav,nandini.yadav@example.com,2004,5,20
Pallavi Menon,pallavi.menon@example.com,2002,5,21
Vikram Yadav,vikram.yadav@example.com,1996,5,22
Vikram Joshi,vikram.joshi@example.com,1998,5,23
Reyansh Agrawal,reyansh.agrawal@example.com,2003,5,24
Rekha Sen,rekha.sen@example.com,1997,5,25
Myra Nair,myra.nair@example.com,1993,5,26
Roshni Mehta,roshni.mehta@example.com,2001,5,27
Simran Chakraborty,simran.chakraborty@example.com,1992,5,28
Naina Chakraborty,naina.chakraborty@example.com,2001,5,29
Parth Bansal,parth.bansal@example.com,2000,5,30
Charu Tiwari,charu.tiwari@example.com,1998,5,31
Shruti Rao,shruti.rao@example.com,2005,6,1
Mansi Tripathi,mansi.tripathi@example.com,1994,6,2
Isha Tiwari,isha.tiwari@example.com,2005,6,3
Disha Sharma,disha.sharma@example.com,1996,6,4
Pari Agarwal,pari.agarwal@example.com,1992,6,5
Rekha Saxena,rekha.saxena@example.com,1997,6,6
Aadhya Chakraborty,aadhya.chakraborty@example.com,2000,6,7
Lavanya Singhal,lavanya.singhal@example.com,1992,6,8
Parth Agrawal,parth.agrawal@example.com,1992,6,9
Siddhi Bose,siddhi.bose@example.com,2003,6,10
Kartik Chauhan,kartik.chauhan@example.com,2000,6,11
Rakesh Banerjee,rakesh.banerjee@example.com,2005,6,12
Nandini Kumar,nandini.kumar@example.com,1997,6,13
Charu Sen,charu.sen@example.com,1993,6,14
Rakesh Bose,rakesh.bose@example.com,2005,6,15
Shreya Basu,shreya.basu@example.com,1996,6,16
Kavya Sengupta,kavya.sengupta@example.com,2005,6,17
Deepa Saxena,deepa.saxena@example.com,1992,6,18
Siddharth Agarwal,siddharth.agarwal@example.com,1995,6,19
Rhea Nair,rhea.nair@example.com,1998,6,20
Juhi Bansal,juhi.bansal@example.com,2003,6,21
Samaira Singh,samaira.singh@example.com,2001,6,22
Naina Kapoor,naina.kapoor@example.com,1998,6,23
Sai Malhotra,sai.malhotra@example.com,2002,6,24
Nisha Agrawal,nisha.agrawal@example.com,1997,6,25
Siddharth Mittal,siddharth.mittal@example.com,2003,6,26
Palak Singhal,palak.singhal@example.com,1998,6,27
Naina Mittal,naina.mittal@example.com,1998,6,28
Kiara Sengupta,kiara.sengupta@example.com,1998,6,29
Chirag Bose,chirag.bose@example.com,1998,6,30
Yash Banerjee,yash.banerjee@example.com,2000,7,1
Roshni Agarwal,roshni.agarwal@example.com,1995,7,2
Riya Gupta,riya.gupta@example.com,2002,7,3
Gaurav Goswami,gaurav.goswami@example.com,1994,7,4
Vivaan Mehta,vivaan.mehta@example.com,1999,7,5
Kavya Das,kavya.das@example.com,1994,7,6
Pranav Sengupta,pranav.sengupta@example.com,1995,7,7
Kabir Pandey,kabir.pandey@example.com,2000,7,8
Swati Desai,swati.desai@example.com,1998,7,9
Omkar Malhotra,omkar.malhotra@example.com,2005,7,10
Komal Bhatia,komal.bhatia@example.com,1997,7,11
Myra Saxena,myra.saxena@example.com,2005,7,12
Aditya Agarwal,aditya.agarwal@example.com,1998,7,13
Siya Goswami,siya.goswami@example.com,1994,7,14
Juhi Sengupta,juhi.sengupta@example.com,1996,7,15
Divya Pillai,divya.pillai@example.com,2005,7,16
Rohan Chauhan,rohan.chauhan@example.com,2002,7,17
Rahul Singhal,rahul.singhal@example.com,1994,7,18
Rohan Tripathi,rohan.tripathi@example.com,1994,7,19
Simran Patel,simran.patel@example.com,1992,7,20
Alok Bhardwaj,alok.bhardwaj@example.com,1993,7,21
Charu Desai,charu.desai@example.com,2002,7,22
Siddhi Agarwal,siddhi.agarwal@example.com,1992,7,23
Siya Tripathi,siya.tripathi@example.com,1994,7,24
Amit Upadhyay,amit.upadhyay@example.com,2003,7,25
Bhavna Gupta,bhavna.gupta@example.com,1999,7,26
Tanvi Tripathi,tanvi.tripathi@example.com,2002,7,27
Samaira Kumar,samaira.kumar@example.com,1998,7,28
Pari Pandit,pari.pandit@example.com,1994,7,29
Yashvi Malhotra,yashvi.malhotra@example.com,1993,7,30
Aadhya Basu,aadhya.basu@example.com,1994,7,31
Saloni Upadhyay,saloni.upadhyay@example.com,2002,8,1
Nikhil Somani,nikhil.somani@example.com,2004,8,2
Siya Reddy,siya.reddy@example.com,1998,8,3
Sameer Menon,sameer.menon@example.com,2005,8,4
Diya Nambiar,diya.nambiar@example.com,1999,8,5
Ayan Chauhan,ayan.chauhan@example.com,2004,8,6
Vikram Kulkarni,vikram.kulkarni@example.com,2003,8,7
Trisha Sen,trisha.sen@example.com,2001,8,8
Kavya Bhatt,kavya.bhatt@example.com,1998,8,9
Kunal Chatterjee,kunal.chatterjee@example.com,2001,8,10
Ayush Jain,ayush.jain@example.com,1994,8,11
Nisha Mukherjee,nisha.mukherjee@example.com,1999,8,12
Akash Bansal,akash.bansal@example.com,2000,8,13
Mayank Dutta,mayank.dutta@example.com,1998,8,14
Tirth Shah,tirth.shah@example.com,2002,8,15
Rahul Agarwal,rahul.agarwal@example.com,2000,8,16
Disha Yadav,disha.yadav@example.com,2005,8,17
Neha Bhardwaj,neha.bhardwaj@example.com,1999,8,18
Isha Garg,isha.garg@example.com,1998,8,19
Gauri Sen,gauri.sen@example.com,1997,8,20
Vikram Agarwal,vikram.agarwal@example.com,1995,8,21
Samaira Gupta,samaira.gupta@example.com,1994,8,22
Simran Desai,simran.desai@example.com,1998,8,23
Pranav Sharma,pranav.sharma@example.com,2001,8,24
Rekha Kulkarni,rekha.kulkarni@example.com,1992,8,25
Gaurav Goyal,gaurav.goyal@example.com,2001,8,26
Aditya Shukla,aditya.shukla@example.com,1999,8,27
Bhavna Mishra,bhavna.mishra@example.com,2005,8,28
Priya Banerjee,priya.banerjee@example.com,2003,8,29
Chetan Nambiar,chetan.nambiar@example.com,1995,8,30
Kruti Singhal,kruti.singhal@example.com,2003,8,31
Parth Chatterjee,parth.chatterjee@example.com,2000,9,1
Yashvi Bhardwaj,yashvi.bhardwaj@example.com,1996,9,2
Reyansh Das,reyansh.das@example.com,1998,9,3
Neha Garg,neha.garg@example.com,2000,9,4
Samaira Sharma,samaira.sharma@example.com,2001,9,5
Pari Desai,pari.desai@example.com,1997,9,6
Anika Nambiar,anika.nambiar@example.com,1992,9,7
Zoya Sen,zoya.sen@example.com,1992,9,8
Payal Kumar,payal.kumar@example.com,2001,9,9
Sunita Nambiar,sunita.nambiar@example.com,1999,9,10
Aditi Singhal,aditi.singhal@example.com,2003,9,11
Swati Nambiar,swati.nambiar@example.com,1997,9,12
Kiara Kumar,kiara.kumar@example.com,1993,9,13
Rashmi Goyal,rashmi.goyal@example.com,2001,9,14
Aryan Mehta,aryan.mehta@example.com,1999,9,15
Disha Mehta,disha.mehta@example.com,2003,9,16
Parth Kumar,parth.kumar@example.com,1993,9,17
Rudra Patel,rudra.patel@example.com,2001,9,18
Geeta Kapoor,geeta.kapoor@example.com,1994,9,19
Rhea Singhal,rhea.singhal@example.com,2003,9,20
Neha Joshi,neha.joshi@example.com,2003,9,21
Chirag Mehta,chirag.mehta@example.com,2000,9,22
Harsh Saxena,harsh.saxena@example.com,2005,9,23
Yashvi Singhal,yashvi.singhal@example.com,2004,9,24
Saloni Ghosh,saloni.ghosh@example.com,2004,9,25
Ayush Reddy,ayush.reddy@example.com,1996,9,26
Deepa Tiwari,deepa.tiwari@example.com,1999,9,27
Arjun Sengupta,arjun.sengupta@example.com,2000,9,28
Amit Ghosh,amit.ghosh@example.com,1993,9,29
Meera Reddy,meera.reddy@example.com,2000,9,30
Krishna Goyal,krishna.goyal@example.com,2001,10,1
Aditya Chauhan,aditya.chauhan@example.com,1993,10,2
Suresh Yadav,suresh.yadav@example.com,1995,10,3
Sai Mishra,sai.mishra@example.com,1999,10,4
Tanvi Rao,tanvi.rao@example.com,2002,10,5
Gaurav Reddy,gaurav.reddy@example.com,2003,10,6
Chirag Bhatt,chirag.bhatt@example.com,2002,10,7
Amit Das,amit.das@example.com,2002,10,8
Saloni Dutta,saloni.dutta@example.com,1993,10,9
Aditya Dubey,aditya.dubey@example.com,2002,10,10
Rashmi Desai,rashmi.desai@example.com,2002,10,11
Naina Goyal,naina.goyal@example.com,2000,10,12
Rudra Patel,rudra.patel@example.com,2004,10,13
Swati Bansal,swati.bansal@example.com,2001,10,14
Siya Yadav,siya.yadav@example.com,1996,10,15
Charu Tripathi,charu.tripathi@example.com,2001,10,16
Sameer Das,sameer.das@example.com,1992,10,17
Ishaan Singhal,ishaan.singhal@example.com,1997,10,18
Suresh Kulkarni,suresh.kulkarni@example.com,2000,10,19
Riddhi Gupta,riddhi.gupta@example.com,2004,10,20
Siya Banerjee,siya.banerjee@example.com,1992,10,21
Vaishnavi Mittal,vaishnavi.mittal@example.com,1999,10,22
Suman Somani,suman.somani@example.com,1999,10,23
Mahika Reddy,mahika.reddy@example.com,2000,10,24
Kritika Sinha,kritika.sinha@example.com,1999,10,25
Vidhi Chatterjee,vidhi.chatterjee@example.com,2001,10,26
Palak Joshi,palak.joshi@example.com,2003,10,27
Harini Sinha,harini.sinha@example.com,1997,10,28
Omkar Bose,omkar.bose@example.com,1998,10,29
Rashmi Kulkarni,rashmi.kulkarni@example.com,1997,10,30
Avani Pandey,avani.pandey@example.com,2004,10,31
Suresh Kapoor,suresh.kapoor@example.com,1996,11,1
Divya Sharma,divya.sharma@example.com,1996,11,2
Arjun Nambiar,arjun.nambiar@example.com,1994,11,3
Aniket Patel,aniket.patel@example.com,1992,11,4
Rekha Upadhyay,rekha.upadhyay@example.com,2003,11,5
Navya Awasthi,navya.awasthi@example.com,2001,11,6
Dhruv Goswami,dhruv.goswami@example.com,2003,11,7
Trisha Somani,trisha.somani@example.com,1996,11,8
Aarav Patel,aarav.patel@example.com,2003,11,9
Sai Garg,sai.garg@example.com,2004,11,10
Mahika Chakraborty,mahika.chakraborty@example.com,2001,11,11
Deepak Mittal,deepak.mittal@example.com,1996,11,12
Vishal Singh,vishal.singh@example.com,1992,11,13
Aditya Malhotra,aditya.malhotra@example.com,2002,11,14
Vihaan Mittal,vihaan.mittal@example.com,1999,11,15
Rahul Gupta,rahul.gupta@example.com,2001,11,16
Trisha Shah,trisha.shah@example.com,1994,11,17
Payal Pandit,payal.pandit@example.com,2001,11,18
Gauri Singhal,gauri.singhal@example.com,1992,11,19
Krishna Ghosh,krishna.ghosh@example.com,2002,11,20
Zoya Tiwari,zoya.tiwari@example.com,1996,11,21
Tanushree Patel,tanushree.patel@example.com,2004,11,22
Prisha Basu,prisha.basu@example.com,2003,11,23
Suman Sharma,suman.sharma@example.com,2001,11,24
Vanya Sharma,vanya.sharma@example.com,1992,11,25
Bhavna Goyal,bhavna.goyal@example.com,1996,11,26
Roshni Shah,roshni.shah@example.com,1999,11,27
Kartik Patel,kartik.patel@example.com,1993,11,28
Sameer Pandey,sameer.pandey@example.com,1994,11,29
Naina Goswami,naina.goswami@example.com,2000,11,30
Harini Mittal,harini.mittal@example.com,1993,12,1
Simran Tripathi,simran.tripathi@example.com,2005,12,2
Ayush Kapoor,ayush.kapoor@example.com,2004,12,3
Meera Tiwari,meera.tiwari@example.com,1996,12,4
Kartik Pandit,kartik.pandit@example.com,1996,12,5
Parth Sen,parth.sen@example.com,1994,12,6
Tara Mittal,tara.mittal@example.com,2001,12,7
Rahul Mukherjee,rahul.mukherjee@example.com,1996,12,8
Saanvi Pandey,saanvi.pandey@example.com,1996,12,9
Tanushree Tiwari,tanushree.tiwari@example.com,2005,12,10
Simran Sen,simran.sen@example.com,1996,12,11
Tanvi Shah,tanvi.shah@example.com,1992,12,12
Deepa Goyal,deepa.goyal@example.com,2003,12,13
Anjali Bhatt,anjali.bhatt@example.com,1993,12,14
Anika Bhatia,anika.bhatia@example.com,2001,12,15
Trisha Khanna,trisha.khanna@example.com,1994,12,16
Samaira Menon,samaira.menon@example.com,2001,12,17
Navya Sharma,navya.sharma@example.com,2003,12,18
Pari Singhal,pari.singhal@example.com,1994,12,19
Rohan Bhatia,rohan.bhatia@example.com,2002,12,20
Tanmay Chatterjee,tanmay.chatterjee@example.com,1999,12,21
Tanushree Yadav,tanushree.yadav@example.com,1997,12,22
Chirag Sharma,chirag.sharma@example.com,2004,12,23
Nandini Pandit,nandini.pandit@example.com,1994,12,24
Pari Joshi,pari.joshi@example.com,1996,12,25
Pallavi Gupta,pallavi.gupta@example.com,2004,12,26
Saanvi Shukla,saanvi.shukla@example.com,2003,12,27
Kavya Rao,kavya.rao@example.com,1995,12,28
Varun Bhatia,varun.bhatia@example.com,1999,12,29
Suman Saxena,suman.saxena@example.com,1994,12,30
Harini Bhardwaj,harini.bhardwaj@example.com,2004,12,31
